Time,x0,x1
0,1.5708,0
0.001,1.57079,-0.00980951
0.002,1.57078,-0.019618
0.003,1.57075,-0.0294256
0.004,1.57072,-0.0392322
0.005,1.57067,-0.0490377
0.006,1.57062,-0.0588423
0.007,1.57056,-0.068646
0.008,1.57048,-0.0784486
0.009,1.5704,-0.0882503
0.01,1.57031,-0.098051
0.011,1.5702,-0.107851
0.012,1.57009,-0.117649
0.013,1.56997,-0.127447
0.014,1.56984,-0.137244
0.015,1.56969,-0.14704
0.016,1.56954,-0.156834
0.017,1.56938,-0.166628
0.018,1.56921,-0.176421
0.019,1.56903,-0.186213
0.02,1.56884,-0.196004
0.021,1.56863,-0.205794
0.022,1.56842,-0.215583
0.023,1.5682,-0.225371
0.024,1.56797,-0.235158
0.025,1.56773,-0.244943
0.026,1.56748,-0.254728
0.027,1.56722,-0.264512
0.028,1.56695,-0.274295
0.029,1.56668,-0.284077
0.03,1.56639,-0.293858
0.031,1.56609,-0.303638
0.032,1.56578,-0.313417
0.033,1.56546,-0.323196
0.034,1.56513,-0.332973
0.035,1.56479,-0.342749
0.036,1.56445,-0.352524
0.037,1.56409,-0.362298
0.038,1.56372,-0.372071
0.039,1.56335,-0.381843
0.04,1.56296,-0.391614
0.041,1.56256,-0.401384
0.042,1.56216,-0.411153
0.043,1.56174,-0.420921
0.044,1.56131,-0.430688
0.045,1.56088,-0.440454
0.046,1.56043,-0.450219
0.047,1.55998,-0.459983
0.048,1.55951,-0.469746
0.049,1.55904,-0.479508
0.05,1.55855,-0.489268
0.051,1.55806,-0.499028
0.052,1.55756,-0.508787
0.053,1.55704,-0.518545
0.054,1.55652,-0.528301
0.055,1.55599,-0.538057
0.056,1.55544,-0.547812
0.057,1.55489,-0.557565
0.058,1.55433,-0.567318
0.059,1.55376,-0.577069
0.06,1.55317,-0.586819
0.061,1.55258,-0.596569
0.062,1.55198,-0.606317
0.063,1.55137,-0.616064
0.064,1.55075,-0.62581
0.065,1.55012,-0.635555
0.066,1.54948,-0.645299
0.067,1.54883,-0.655041
0.068,1.54817,-0.664783
0.069,1.5475,-0.674523
0.07,1.54682,-0.684263
0.071,1.54613,-0.694001
0.072,1.54543,-0.703738
0.073,1.54472,-0.713474
0.074,1.544,-0.723209
0.075,1.54328,-0.732942
0.076,1.54254,-0.742675
0.077,1.54179,-0.752406
0.078,1.54103,-0.762136
0.079,1.54027,-0.771865
0.08,1.53949,-0.781592
0.081,1.5387,-0.791319
0.082,1.53791,-0.801044
0.083,1.5371,-0.810768
0.084,1.53628,-0.820491
0.085,1.53546,-0.830212
0.086,1.53462,-0.839932
0.087,1.53378,-0.849651
0.088,1.53292,-0.859369
0.089,1.53206,-0.869085
0.09,1.53119,-0.8788
0.091,1.5303,-0.888514
0.092,1.52941,-0.898227
0.093,1.52851,-0.907938
0.094,1.52759,-0.917647
0.095,1.52667,-0.927356
0.096,1.52574,-0.937063
0.097,1.5248,-0.946769
0.098,1.52385,-0.956473
0.099,1.52288,-0.966176
0.1,1.52191,-0.975877
0.101,1.52093,-0.985577
0.102,1.51994,-0.995276
0.103,1.51894,-1.00497
0.104,1.51793,-1.01467
0.105,1.51691,-1.02436
0.106,1.51588,-1.03405
0.107,1.51484,-1.04375
0.108,1.5138,-1.05344
0.109,1.51274,-1.06312
0.11,1.51167,-1.07281
0.111,1.51059,-1.08249
0.112,1.5095,-1.09218
0.113,1.50841,-1.10186
0.114,1.5073,-1.11154
0.115,1.50618,-1.12122
0.116,1.50506,-1.13089
0.117,1.50392,-1.14057
0.118,1.50278,-1.15024
0.119,1.50162,-1.15991
0.12,1.50046,-1.16958
0.121,1.49928,-1.17925
0.122,1.4981,-1.18892
0.123,1.49691,-1.19858
0.124,1.4957,-1.20824
0.125,1.49449,-1.2179
0.126,1.49327,-1.22756
0.127,1.49203,-1.23722
0.128,1.49079,-1.24687
0.129,1.48954,-1.25653
0.13,1.48828,-1.26618
0.131,1.48701,-1.27583
0.132,1.48573,-1.28547
0.133,1.48444,-1.29512
0.134,1.48314,-1.30476
0.135,1.48183,-1.3144
0.136,1.48051,-1.32404
0.137,1.47918,-1.33368
0.138,1.47784,-1.34331
0.139,1.47649,-1.35295
0.14,1.47513,-1.36258
0.141,1.47377,-1.3722
0.142,1.47239,-1.38183
0.143,1.471,-1.39145
0.144,1.46961,-1.40107
0.145,1.4682,-1.41069
0.146,1.46679,-1.42031
0.147,1.46536,-1.42992
0.148,1.46393,-1.43953
0.149,1.46248,-1.44914
0.15,1.46103,-1.45875
0.151,1.45956,-1.46835
0.152,1.45809,-1.47795
0.153,1.45661,-1.48755
0.154,1.45512,-1.49715
0.155,1.45361,-1.50674
0.156,1.4521,-1.51633
0.157,1.45058,-1.52592
0.158,1.44905,-1.5355
0.159,1.44751,-1.54509
0.16,1.44596,-1.55467
0.161,1.4444,-1.56424
0.162,1.44283,-1.57382
0.163,1.44125,-1.58339
0.164,1.43967,-1.59296
0.165,1.43807,-1.60252
0.166,1.43646,-1.61208
0.167,1.43484,-1.62164
0.168,1.43322,-1.6312
0.169,1.43158,-1.64075
0.17,1.42994,-1.6503
0.171,1.42828,-1.65985
0.172,1.42662,-1.66939
0.173,1.42494,-1.67893
0.174,1.42326,-1.68846
0.175,1.42156,-1.698
0.176,1.41986,-1.70753
0.177,1.41815,-1.71705
0.178,1.41643,-1.72658
0.179,1.4147,-1.73609
0.18,1.41296,-1.74561
0.181,1.41121,-1.75512
0.182,1.40945,-1.76463
0.183,1.40768,-1.77413
0.184,1.4059,-1.78363
0.185,1.40411,-1.79313
0.186,1.40231,-1.80262
0.187,1.4005,-1.81211
0.188,1.39869,-1.8216
0.189,1.39686,-1.83108
0.19,1.39502,-1.84055
0.191,1.39318,-1.85003
0.192,1.39132,-1.8595
0.193,1.38946,-1.86896
0.194,1.38759,-1.87842
0.195,1.3857,-1.88788
0.196,1.38381,-1.89733
0.197,1.38191,-1.90678
0.198,1.38,-1.91622
0.199,1.37808,-1.92566
0.2,1.37615,-1.93509
0.201,1.37421,-1.94452
0.202,1.37226,-1.95394
0.203,1.3703,-1.96336
0.204,1.36833,-1.97278
0.205,1.36635,-1.98219
0.206,1.36437,-1.99159
0.207,1.36237,-2.00099
0.208,1.36036,-2.01039
0.209,1.35835,-2.01978
0.21,1.35632,-2.02916
0.211,1.35429,-2.03854
0.212,1.35225,-2.04792
0.213,1.35019,-2.05729
0.214,1.34813,-2.06665
0.215,1.34606,-2.07601
0.216,1.34398,-2.08536
0.217,1.34189,-2.09471
0.218,1.33979,-2.10405
0.219,1.33768,-2.11339
0.22,1.33556,-2.12272
0.221,1.33344,-2.13204
0.222,1.3313,-2.14136
0.223,1.32915,-2.15067
0.224,1.327,-2.15998
0.225,1.32483,-2.16928
0.226,1.32266,-2.17858
0.227,1.32048,-2.18786
0.228,1.31828,-2.19715
0.229,1.31608,-2.20642
0.23,1.31387,-2.21569
0.231,1.31165,-2.22496
0.232,1.30942,-2.23421
0.233,1.30718,-2.24346
0.234,1.30494,-2.25271
0.235,1.30268,-2.26194
0.236,1.30041,-2.27117
0.237,1.29814,-2.28039
0.238,1.29585,-2.28961
0.239,1.29356,-2.29882
0.24,1.29125,-2.30802
0.241,1.28894,-2.31722
0.242,1.28662,-2.3264
0.243,1.28429,-2.33558
0.244,1.28195,-2.34476
0.245,1.2796,-2.35392
0.246,1.27724,-2.36308
0.247,1.27487,-2.37223
0.248,1.27249,-2.38137
0.249,1.27011,-2.39051
0.25,1.26771,-2.39963
0.251,1.26531,-2.40875
0.252,1.2629,-2.41786
0.253,1.26047,-2.42697
0.254,1.25804,-2.43606
0.255,1.2556,-2.44515
0.256,1.25315,-2.45423
0.257,1.25069,-2.4633
0.258,1.24823,-2.47236
0.259,1.24575,-2.48141
0.26,1.24326,-2.49045
0.261,1.24077,-2.49949
0.262,1.23826,-2.50851
0.263,1.23575,-2.51753
0.264,1.23323,-2.52654
0.265,1.2307,-2.53554
0.266,1.22816,-2.54453
0.267,1.22561,-2.55351
0.268,1.22305,-2.56248
0.269,1.22048,-2.57144
0.27,1.21791,-2.5804
0.271,1.21532,-2.58934
0.272,1.21273,-2.59827
0.273,1.21013,-2.60719
0.274,1.20751,-2.61611
0.275,1.20489,-2.62501
0.276,1.20226,-2.6339
0.277,1.19963,-2.64279
0.278,1.19698,-2.65166
0.279,1.19432,-2.66052
0.28,1.19166,-2.66937
0.281,1.18898,-2.67821
0.282,1.1863,-2.68704
0.283,1.18361,-2.69586
0.284,1.18091,-2.70467
0.285,1.1782,-2.71347
0.286,1.17548,-2.72226
0.287,1.17276,-2.73103
0.288,1.17002,-2.7398
0.289,1.16728,-2.74855
0.29,1.16452,-2.75729
0.291,1.16176,-2.76602
0.292,1.15899,-2.77474
0.293,1.15621,-2.78345
0.294,1.15342,-2.79214
0.295,1.15063,-2.80082
0.296,1.14782,-2.80949
0.297,1.14501,-2.81815
0.298,1.14219,-2.8268
0.299,1.13936,-2.83543
0.3,1.13652,-2.84405
0.301,1.13367,-2.85266
0.302,1.13081,-2.86126
0.303,1.12795,-2.86984
0.304,1.12507,-2.87841
0.305,1.12219,-2.88697
0.306,1.1193,-2.89551
0.307,1.1164,-2.90404
0.308,1.11349,-2.91256
0.309,1.11057,-2.92106
0.31,1.10765,-2.92955
0.311,1.10471,-2.93803
0.312,1.10177,-2.94649
0.313,1.09882,-2.95494
0.314,1.09586,-2.96338
0.315,1.09289,-2.9718
0.316,1.08992,-2.98021
0.317,1.08693,-2.9886
0.318,1.08394,-2.99698
0.319,1.08094,-3.00534
0.32,1.07793,-3.01369
0.321,1.07491,-3.02202
0.322,1.07189,-3.03034
0.323,1.06885,-3.03864
0.324,1.06581,-3.04693
0.325,1.06276,-3.0552
0.326,1.0597,-3.06346
0.327,1.05663,-3.0717
0.328,1.05355,-3.07993
0.329,1.05047,-3.08814
0.33,1.04738,-3.09634
0.331,1.04428,-3.10452
0.332,1.04117,-3.11268
0.333,1.03805,-3.12083
0.334,1.03493,-3.12896
0.335,1.03179,-3.13707
0.336,1.02865,-3.14517
0.337,1.0255,-3.15325
0.338,1.02235,-3.16131
0.339,1.01918,-3.16936
0.34,1.01601,-3.17739
0.341,1.01283,-3.1854
0.342,1.00964,-3.19339
0.343,1.00644,-3.20137
0.344,1.00323,-3.20933
0.345,1.00002,-3.21727
0.346,0.9968,-3.2252
0.347,0.993571,-3.2331
0.348,0.990334,-3.24099
0.349,0.987089,-3.24886
0.35,0.983836,-3.25671
0.351,0.980576,-3.26455
0.352,0.977307,-3.27236
0.353,0.974031,-3.28016
0.354,0.970747,-3.28793
0.355,0.967455,-3.29569
0.356,0.964155,-3.30343
0.357,0.960848,-3.31115
0.358,0.957533,-3.31885
0.359,0.95421,-3.32653
0.36,0.95088,-3.33419
0.361,0.947542,-3.34183
0.362,0.944196,-3.34946
0.363,0.940843,-3.35706
0.364,0.937482,-3.36464
0.365,0.934114,-3.3722
0.366,0.930738,-3.37974
0.367,0.927354,-3.38726
0.368,0.923963,-3.39476
0.369,0.920565,-3.40224
0.37,0.917159,-3.40969
0.371,0.913745,-3.41713
0.372,0.910325,-3.42455
0.373,0.906896,-3.43194
0.374,0.903461,-3.43931
0.375,0.900018,-3.44666
0.376,0.896567,-3.45399
0.377,0.89311,-3.4613
0.378,0.889645,-3.46858
0.379,0.886173,-3.47585
0.38,0.882693,-3.48309
0.381,0.879206,-3.49031
0.382,0.875713,-3.4975
0.383,0.872211,-3.50467
0.384,0.868703,-3.51182
0.385,0.865188,-3.51895
0.386,0.861665,-3.52606
0.387,0.858136,-3.53314
0.388,0.854599,-3.54019
0.389,0.851055,-3.54723
0.39,0.847505,-3.55424
0.391,0.843947,-3.56122
0.392,0.840382,-3.56819
0.393,0.836811,-3.57513
0.394,0.833232,-3.58204
0.395,0.829646,-3.58893
0.396,0.826054,-3.5958
0.397,0.822455,-3.60264
0.398,0.818849,-3.60945
0.399,0.815236,-3.61624
0.4,0.811616,-3.62301
0.401,0.80799,-3.62975
0.402,0.804357,-3.63647
0.403,0.800717,-3.64316
0.404,0.797071,-3.64982
0.405,0.793417,-3.65646
0.406,0.789758,-3.66308
0.407,0.786091,-3.66966
0.408,0.782418,-3.67623
0.409,0.778739,-3.68276
0.41,0.775053,-3.68927
0.411,0.77136,-3.69575
0.412,0.767661,-3.70221
0.413,0.763956,-3.70864
0.414,0.760244,-3.71504
0.415,0.756526,-3.72141
0.416,0.752801,-3.72776
0.417,0.74907,-3.73408
0.418,0.745333,-3.74038
0.419,0.74159,-3.74664
0.42,0.73784,-3.75288
0.421,0.734084,-3.75909
0.422,0.730322,-3.76527
0.423,0.726553,-3.77142
0.424,0.722779,-3.77755
0.425,0.718998,-3.78365
0.426,0.715211,-3.78972
0.427,0.711419,-3.79576
0.428,0.70762,-3.80177
0.429,0.703815,-3.80775
0.43,0.700004,-3.8137
0.431,0.696188,-3.81963
0.432,0.692365,-3.82552
0.433,0.688537,-3.83138
0.434,0.684702,-3.83722
0.435,0.680862,-3.84303
0.436,0.677016,-3.8488
0.437,0.673165,-3.85455
0.438,0.669307,-3.86026
0.439,0.665444,-3.86595
0.44,0.661575,-3.8716
0.441,0.657701,-3.87723
0.442,0.653821,-3.88282
0.443,0.649935,-3.88838
0.444,0.646044,-3.89392
0.445,0.642148,-3.89942
0.446,0.638245,-3.90489
0.447,0.634338,-3.91033
0.448,0.630425,-3.91573
0.449,0.626506,-3.92111
0.45,0.622583,-3.92645
0.451,0.618653,-3.93176
0.452,0.614719,-3.93704
0.453,0.610779,-3.94229
0.454,0.606835,-3.94751
0.455,0.602884,-3.95269
0.456,0.598929,-3.95784
0.457,0.594969,-3.96296
0.458,0.591003,-3.96805
0.459,0.587033,-3.9731
0.46,0.583057,-3.97812
0.461,0.579076,-3.98311
0.462,0.575091,-3.98806
0.463,0.5711,-3.99298
0.464,0.567105,-3.99787
0.465,0.563105,-4.00272
0.466,0.559099,-4.00754
0.467,0.55509,-4.01233
0.468,0.551075,-4.01708
0.469,0.547055,-4.02179
0.47,0.543031,-4.02648
0.471,0.539002,-4.03113
0.472,0.534969,-4.03574
0.473,0.530931,-4.04032
0.474,0.526888,-4.04487
0.475,0.522841,-4.04938
0.476,0.51879,-4.05386
0.477,0.514734,-4.0583
0.478,0.510673,-4.0627
0.479,0.506608,-4.06707
0.48,0.502539,-4.07141
0.481,0.498465,-4.07571
0.482,0.494387,-4.07997
0.483,0.490305,-4.0842
0.484,0.486219,-4.0884
0.485,0.482129,-4.09255
0.486,0.478034,-4.09668
0.487,0.473935,-4.10076
0.488,0.469832,-4.10481
0.489,0.465726,-4.10882
0.49,0.461615,-4.1128
0.491,0.4575,-4.11674
0.492,0.453381,-4.12064
0.493,0.449259,-4.12451
0.494,0.445132,-4.12834
0.495,0.441002,-4.13213
0.496,0.436868,-4.13589
0.497,0.43273,-4.1396
0.498,0.428589,-4.14329
0.499,0.424444,-4.14693
0.5,0.420295,-4.15054
0.501,0.416143,-4.1541
0.502,0.411987,-4.15764
0.503,0.407828,-4.16113
0.504,0.403665,-4.16459
0.505,0.399498,-4.168
0.506,0.395329,-4.17138
0.507,0.391156,-4.17472
0.508,0.386979,-4.17803
0.509,0.3828,-4.18129
0.51,0.378617,-4.18452
0.511,0.374431,-4.18771
0.512,0.370241,-4.19086
0.513,0.366049,-4.19397
0.514,0.361853,-4.19704
0.515,0.357655,-4.20008
0.516,0.353453,-4.20307
0.517,0.349249,-4.20603
0.518,0.345041,-4.20894
0.519,0.340831,-4.21182
0.52,0.336618,-4.21466
0.521,0.332401,-4.21746
0.522,0.328183,-4.22022
0.523,0.323961,-4.22294
0.524,0.319737,-4.22562
0.525,0.31551,-4.22826
0.526,0.31128,-4.23086
0.527,0.307048,-4.23342
0.528,0.302813,-4.23595
0.529,0.298576,-4.23843
0.53,0.294337,-4.24087
0.531,0.290094,-4.24327
0.532,0.28585,-4.24563
0.533,0.281603,-4.24795
0.534,0.277354,-4.25023
0.535,0.273103,-4.25248
0.536,0.268849,-4.25468
0.537,0.264593,-4.25684
0.538,0.260336,-4.25896
0.539,0.256076,-4.26103
0.54,0.251813,-4.26307
0.541,0.247549,-4.26507
0.542,0.243283,-4.26703
0.543,0.239015,-4.26894
0.544,0.234745,-4.27082
0.545,0.230474,-4.27265
0.546,0.2262,-4.27445
0.547,0.221925,-4.2762
0.548,0.217648,-4.27791
0.549,0.213369,-4.27958
0.55,0.209089,-4.28121
0.551,0.204807,-4.2828
0.552,0.200523,-4.28434
0.553,0.196238,-4.28585
0.554,0.191951,-4.28731
0.555,0.187663,-4.28873
0.556,0.183374,-4.29011
0.557,0.179083,-4.29145
0.558,0.174791,-4.29275
0.559,0.170498,-4.29401
0.56,0.166203,-4.29522
0.561,0.161907,-4.29639
0.562,0.15761,-4.29752
0.563,0.153312,-4.29861
0.564,0.149013,-4.29966
0.565,0.144713,-4.30066
0.566,0.140412,-4.30163
0.567,0.13611,-4.30255
0.568,0.131807,-4.30343
0.569,0.127503,-4.30427
0.57,0.123198,-4.30506
0.571,0.118893,-4.30582
0.572,0.114587,-4.30653
0.573,0.11028,-4.3072
0.574,0.105972,-4.30783
0.575,0.101664,-4.30841
0.576,0.0973553,-4.30896
0.577,0.0930461,-4.30946
0.578,0.0887364,-4.30992
0.579,0.0844263,-4.31034
0.58,0.0801158,-4.31071
0.581,0.0758049,-4.31104
0.582,0.0714937,-4.31133
0.583,0.0671822,-4.31158
0.584,0.0628706,-4.31179
0.585,0.0585587,-4.31195
0.586,0.0542467,-4.31208
0.587,0.0499345,-4.31216
0.588,0.0456224,-4.31219
0.589,0.0413102,-4.31219
0.59,0.036998,-4.31214
0.591,0.0326859,-4.31205
0.592,0.0283739,-4.31192
0.593,0.0240621,-4.31174
0.594,0.0197504,-4.31153
0.595,0.015439,-4.31127
0.596,0.0111279,-4.31097
0.597,0.00681711,-4.31063
0.598,0.00250668,-4.31024
0.599,-0.00180335,-4.30981
0.6,-0.00611294,-4.30934
0.601,-0.010422,-4.30883
0.602,-0.0147306,-4.30828
0.603,-0.0190386,-4.30768
0.604,-0.0233459,-4.30704
0.605,-0.0276526,-4.30636
0.606,-0.0319586,-4.30564
0.607,-0.0362639,-4.30487
0.608,-0.0405684,-4.30407
0.609,-0.044872,-4.30322
0.61,-0.0491748,-4.30233
0.611,-0.0534767,-4.30139
0.612,-0.0577776,-4.30042
0.613,-0.0620775,-4.2994
0.614,-0.0663763,-4.29834
0.615,-0.0706741,-4.29724
0.616,-0.0749708,-4.29609
0.617,-0.0792663,-4.29491
0.618,-0.0835606,-4.29368
0.619,-0.0878537,-4.29241
0.62,-0.0921454,-4.2911
0.621,-0.0964359,-4.28975
0.622,-0.100725,-4.28836
0.623,-0.105013,-4.28692
0.624,-0.109299,-4.28544
0.625,-0.113583,-4.28392
0.626,-0.117867,-4.28236
0.627,-0.122148,-4.28076
0.628,-0.126428,-4.27911
0.629,-0.130706,-4.27743
0.63,-0.134983,-4.2757
0.631,-0.139258,-4.27393
0.632,-0.143531,-4.27212
0.633,-0.147802,-4.27027
0.634,-0.152071,-4.26838
0.635,-0.156339,-4.26645
0.636,-0.160604,-4.26447
0.637,-0.164868,-4.26246
0.638,-0.169129,-4.2604
0.639,-0.173388,-4.2583
0.64,-0.177646,-4.25616
0.641,-0.181901,-4.25398
0.642,-0.186154,-4.25176
0.643,-0.190404,-4.2495
0.644,-0.194653,-4.2472
0.645,-0.198899,-4.24486
0.646,-0.203142,-4.24247
0.647,-0.207384,-4.24005
0.648,-0.211622,-4.23759
0.649,-0.215859,-4.23508
0.65,-0.220093,-4.23254
0.651,-0.224324,-4.22995
0.652,-0.228552,-4.22733
0.653,-0.232778,-4.22466
0.654,-0.237002,-4.22196
0.655,-0.241222,-4.21921
0.656,-0.24544,-4.21642
0.657,-0.249655,-4.2136
0.658,-0.253867,-4.21073
0.659,-0.258077,-4.20783
0.66,-0.262283,-4.20489
0.661,-0.266486,-4.2019
0.662,-0.270687,-4.19888
0.663,-0.274884,-4.19582
0.664,-0.279078,-4.19271
0.665,-0.28327,-4.18957
0.666,-0.287458,-4.18639
0.667,-0.291642,-4.18317
0.668,-0.295824,-4.17991
0.669,-0.300002,-4.17662
0.67,-0.304177,-4.17328
0.671,-0.308349,-4.16991
0.672,-0.312517,-4.16649
0.673,-0.316682,-4.16304
0.674,-0.320843,-4.15955
0.675,-0.325001,-4.15602
0.676,-0.329155,-4.15245
0.677,-0.333306,-4.14885
0.678,-0.337453,-4.1452
0.679,-0.341596,-4.14152
0.68,-0.345736,-4.1378
0.681,-0.349872,-4.13405
0.682,-0.354004,-4.13025
0.683,-0.358132,-4.12642
0.684,-0.362257,-4.12255
0.685,-0.366377,-4.11864
0.686,-0.370494,-4.1147
0.687,-0.374607,-4.11072
0.688,-0.378715,-4.1067
0.689,-0.38282,-4.10264
0.69,-0.386921,-4.09855
0.691,-0.391017,-4.09442
0.692,-0.395109,-4.09025
0.693,-0.399198,-4.08605
0.694,-0.403281,-4.08181
0.695,-0.407361,-4.07753
0.696,-0.411436,-4.07322
0.697,-0.415508,-4.06887
0.698,-0.419574,-4.06448
0.699,-0.423636,-4.06006
0.7,-0.427694,-4.05561
0.701,-0.431748,-4.05112
0.702,-0.435797,-4.04659
0.703,-0.439841,-4.04202
0.704,-0.443881,-4.03742
0.705,-0.447916,-4.03279
0.706,-0.451946,-4.02812
0.707,-0.455972,-4.02342
0.708,-0.459993,-4.01868
0.709,-0.464009,-4.0139
0.71,-0.468021,-4.00909
0.711,-0.472027,-4.00425
0.712,-0.476029,-3.99937
0.713,-0.480026,-3.99446
0.714,-0.484018,-3.98951
0.715,-0.488005,-3.98453
0.716,-0.491987,-3.97952
0.717,-0.495964,-3.97447
0.718,-0.499936,-3.96938
0.719,-0.503903,-3.96427
0.72,-0.507865,-3.95912
0.721,-0.511821,-3.95394
0.722,-0.515773,-3.94872
0.723,-0.519719,-3.94347
0.724,-0.523659,-3.93819
0.725,-0.527595,-3.93287
0.726,-0.531525,-3.92752
0.727,-0.53545,-3.92214
0.728,-0.539369,-3.91673
0.729,-0.543283,-3.91128
0.73,-0.547192,-3.9058
0.731,-0.551095,-3.90029
0.732,-0.554993,-3.89475
0.733,-0.558885,-3.88917
0.734,-0.562771,-3.88357
0.735,-0.566652,-3.87793
0.736,-0.570527,-3.87226
0.737,-0.574396,-3.86656
0.738,-0.57826,-3.86083
0.739,-0.582118,-3.85506
0.74,-0.58597,-3.84927
0.741,-0.589816,-3.84344
0.742,-0.593657,-3.83759
0.743,-0.597492,-3.8317
0.744,-0.60132,-3.82578
0.745,-0.605143,-3.81984
0.746,-0.60896,-3.81386
0.747,-0.612771,-3.80785
0.748,-0.616576,-3.80181
0.749,-0.620374,-3.79574
0.75,-0.624167,-3.78965
0.751,-0.627954,-3.78352
0.752,-0.631734,-3.77736
0.753,-0.635508,-3.77118
0.754,-0.639276,-3.76496
0.755,-0.643038,-3.75872
0.756,-0.646794,-3.75245
0.757,-0.650543,-3.74615
0.758,-0.654286,-3.73982
0.759,-0.658023,-3.73346
0.76,-0.661753,-3.72707
0.761,-0.665477,-3.72065
0.762,-0.669194,-3.71421
0.763,-0.672905,-3.70774
0.764,-0.67661,-3.70124
0.765,-0.680308,-3.69472
0.766,-0.683999,-3.68816
0.767,-0.687684,-3.68158
0.768,-0.691362,-3.67497
0.769,-0.695034,-3.66834
0.77,-0.698699,-3.66167
0.771,-0.702357,-3.65498
0.772,-0.706009,-3.64827
0.773,-0.709654,-3.64152
0.774,-0.713292,-3.63475
0.775,-0.716923,-3.62796
0.776,-0.720548,-3.62114
0.777,-0.724166,-3.61429
0.778,-0.727777,-3.60742
0.779,-0.731381,-3.60052
0.78,-0.734978,-3.59359
0.781,-0.738568,-3.58664
0.782,-0.742151,-3.57967
0.783,-0.745727,-3.57267
0.784,-0.749296,-3.56564
0.785,-0.752858,-3.55859
0.786,-0.756413,-3.55151
0.787,-0.759961,-3.54441
0.788,-0.763502,-3.53729
0.789,-0.767036,-3.53014
0.79,-0.770562,-3.52297
0.791,-0.774082,-3.51577
0.792,-0.777594,-3.50855
0.793,-0.781099,-3.5013
0.794,-0.784597,-3.49403
0.795,-0.788087,-3.48674
0.796,-0.79157,-3.47943
0.797,-0.795046,-3.47209
0.798,-0.798514,-3.46472
0.799,-0.801975,-3.45734
0.8,-0.805429,-3.44993
0.801,-0.808875,-3.4425
0.802,-0.812314,-3.43505
0.803,-0.815745,-3.42757
0.804,-0.819169,-3.42007
0.805,-0.822585,-3.41255
0.806,-0.825994,-3.40501
0.807,-0.829395,-3.39745
0.808,-0.832789,-3.38986
0.809,-0.836175,-3.38225
0.81,-0.839553,-3.37463
0.811,-0.842924,-3.36698
0.812,-0.846287,-3.3593
0.813,-0.849643,-3.35161
0.814,-0.852991,-3.3439
0.815,-0.856331,-3.33616
0.816,-0.859663,-3.32841
0.817,-0.862987,-3.32063
0.818,-0.866304,-3.31284
0.819,-0.869613,-3.30502
0.82,-0.872914,-3.29719
0.821,-0.876208,-3.28933
0.822,-0.879493,-3.28145
0.823,-0.88277,-3.27356
0.824,-0.88604,-3.26564
0.825,-0.889302,-3.25771
0.826,-0.892555,-3.24975
0.827,-0.895801,-3.24178
0.828,-0.899039,-3.23379
0.829,-0.902269,-3.22578
0.83,-0.905491,-3.21775
0.831,-0.908704,-3.2097
0.832,-0.91191,-3.20163
0.833,-0.915108,-3.19354
0.834,-0.918297,-3.18544
0.835,-0.921478,-3.17732
0.836,-0.924652,-3.16918
0.837,-0.927817,-3.16102
0.838,-0.930974,-3.15284
0.839,-0.934122,-3.14465
0.84,-0.937263,-3.13644
0.841,-0.940395,-3.12821
0.842,-0.943519,-3.11996
0.843,-0.946635,-3.1117
0.844,-0.949743,-3.10342
0.845,-0.952842,-3.09512
0.846,-0.955933,-3.08681
0.847,-0.959016,-3.07848
0.848,-0.96209,-3.07013
0.849,-0.965156,-3.06177
0.85,-0.968214,-3.05339
0.851,-0.971263,-3.045
0.852,-0.974303,-3.03658
0.853,-0.977336,-3.02816
0.854,-0.98036,-3.01971
0.855,-0.983375,-3.01125
0.856,-0.986382,-3.00278
0.857,-0.989381,-2.99429
0.858,-0.992371,-2.98578
0.859,-0.995352,-2.97726
0.86,-0.998325,-2.96873
0.861,-1.00129,-2.96018
0.862,-1.00425,-2.95161
0.863,-1.00719,-2.94303
0.864,-1.01013,-2.93444
0.865,-1.01306,-2.92583
0.866,-1.01598,-2.91721
0.867,-1.0189,-2.90857
0.868,-1.0218,-2.89992
0.869,-1.0247,-2.89125
0.87,-1.02758,-2.88257
0.871,-1.03046,-2.87388
0.872,-1.03333,-2.86517
0.873,-1.03619,-2.85645
0.874,-1.03904,-2.84772
0.875,-1.04189,-2.83897
0.876,-1.04472,-2.83021
0.877,-1.04755,-2.82144
0.878,-1.05036,-2.81265
0.879,-1.05317,-2.80386
0.88,-1.05597,-2.79504
0.881,-1.05876,-2.78622
0.882,-1.06154,-2.77738
0.883,-1.06432,-2.76853
0.884,-1.06708,-2.75967
0.885,-1.06984,-2.7508
0.886,-1.07258,-2.74191
0.887,-1.07532,-2.73302
0.888,-1.07805,-2.72411
0.889,-1.08077,-2.71519
0.89,-1.08348,-2.70625
0.891,-1.08618,-2.69731
0.892,-1.08887,-2.68835
0.893,-1.09156,-2.67939
0.894,-1.09423,-2.67041
0.895,-1.0969,-2.66142
0.896,-1.09956,-2.65242
0.897,-1.1022,-2.64341
0.898,-1.10484,-2.63438
0.899,-1.10747,-2.62535
0.9,-1.11009,-2.61631
0.901,-1.11271,-2.60725
0.902,-1.11531,-2.59819
0.903,-1.1179,-2.58911
0.904,-1.12049,-2.58003
0.905,-1.12306,-2.57093
0.906,-1.12563,-2.56183
0.907,-1.12819,-2.55271
0.908,-1.13073,-2.54359
0.909,-1.13327,-2.53445
0.91,-1.1358,-2.52531
0.911,-1.13832,-2.51616
0.912,-1.14083,-2.50699
0.913,-1.14334,-2.49782
0.914,-1.14583,-2.48864
0.915,-1.14831,-2.47945
0.916,-1.15079,-2.47025
0.917,-1.15325,-2.46104
0.918,-1.15571,-2.45182
0.919,-1.15816,-2.44259
0.92,-1.1606,-2.43336
0.921,-1.16303,-2.42412
0.922,-1.16544,-2.41486
0.923,-1.16785,-2.4056
0.924,-1.17026,-2.39633
0.925,-1.17265,-2.38706
0.926,-1.17503,-2.37777
0.927,-1.1774,-2.36848
0.928,-1.17977,-2.35918
0.929,-1.18212,-2.34987
0.93,-1.18447,-2.34055
0.931,-1.1868,-2.33122
0.932,-1.18913,-2.32189
0.933,-1.19145,-2.31255
0.934,-1.19375,-2.3032
0.935,-1.19605,-2.29385
0.936,-1.19834,-2.28449
0.937,-1.20062,-2.27512
0.938,-1.20289,-2.26574
0.939,-1.20515,-2.25636
0.94,-1.2074,-2.24697
0.941,-1.20965,-2.23757
0.942,-1.21188,-2.22816
0.943,-1.2141,-2.21875
0.944,-1.21632,-2.20934
0.945,-1.21852,-2.19991
0.946,-1.22072,-2.19048
0.947,-1.2229,-2.18104
0.948,-1.22508,-2.1716
0.949,-1.22725,-2.16215
0.95,-1.2294,-2.15269
0.951,-1.23155,-2.14323
0.952,-1.23369,-2.13376
0.953,-1.23582,-2.12429
0.954,-1.23794,-2.11481
0.955,-1.24005,-2.10532
0.956,-1.24215,-2.09583
0.957,-1.24424,-2.08633
0.958,-1.24632,-2.07683
0.959,-1.24839,-2.06732
0.96,-1.25046,-2.05781
0.961,-1.25251,-2.04829
0.962,-1.25455,-2.03876
0.963,-1.25659,-2.02923
0.964,-1.25861,-2.0197
0.965,-1.26063,-2.01016
0.966,-1.26263,-2.00061
0.967,-1.26463,-1.99106
0.968,-1.26661,-1.98151
0.969,-1.26859,-1.97195
0.97,-1.27056,-1.96238
0.971,-1.27252,-1.95281
0.972,-1.27446,-1.94324
0.973,-1.2764,-1.93366
0.974,-1.27833,-1.92408
0.975,-1.28025,-1.91449
0.976,-1.28216,-1.9049
0.977,-1.28406,-1.8953
0.978,-1.28595,-1.8857
0.979,-1.28783,-1.87609
0.98,-1.2897,-1.86648
0.981,-1.29156,-1.85687
0.982,-1.29342,-1.84725
0.983,-1.29526,-1.83763
0.984,-1.29709,-1.828
0.985,-1.29892,-1.81837
0.986,-1.30073,-1.80874
0.987,-1.30253,-1.7991
0.988,-1.30433,-1.78946
0.989,-1.30611,-1.77982
0.99,-1.30789,-1.77017
0.991,-1.30965,-1.76052
0.992,-1.31141,-1.75086
0.993,-1.31315,-1.7412
0.994,-1.31489,-1.73154
0.995,-1.31662,-1.72188
0.996,-1.31833,-1.71221
0.997,-1.32004,-1.70254
0.998,-1.32174,-1.69286
0.999,-1.32343,-1.68318
1,-1.32511,-1.6735
1.001,-1.32677,-1.66382
1.002,-1.32843,-1.65413
1.003,-1.33008,-1.64444
1.004,-1.33172,-1.63475
1.005,-1.33335,-1.62505
1.006,-1.33497,-1.61535
1.007,-1.33658,-1.60565
1.008,-1.33818,-1.59595
1.009,-1.33977,-1.58624
1.01,-1.34136,-1.57653
1.011,-1.34293,-1.56682
1.012,-1.34449,-1.55711
1.013,-1.34604,-1.54739
1.014,-1.34758,-1.53767
1.015,-1.34912,-1.52795
1.016,-1.35064,-1.51822
1.017,-1.35215,-1.5085
1.018,-1.35366,-1.49877
1.019,-1.35515,-1.48904
1.02,-1.35663,-1.47931
1.021,-1.35811,-1.46957
1.022,-1.35957,-1.45983
1.023,-1.36103,-1.4501
1.024,-1.36247,-1.44035
1.025,-1.36391,-1.43061
1.026,-1.36534,-1.42087
1.027,-1.36675,-1.41112
1.028,-1.36816,-1.40137
1.029,-1.36955,-1.39162
1.03,-1.37094,-1.38187
1.031,-1.37232,-1.37212
1.032,-1.37369,-1.36236
1.033,-1.37504,-1.3526
1.034,-1.37639,-1.34284
1.035,-1.37773,-1.33308
1.036,-1.37906,-1.32332
1.037,-1.38037,-1.31356
1.038,-1.38168,-1.30379
1.039,-1.38298,-1.29403
1.04,-1.38427,-1.28426
1.041,-1.38555,-1.27449
1.042,-1.38682,-1.26472
1.043,-1.38808,-1.25495
1.044,-1.38933,-1.24518
1.045,-1.39057,-1.2354
1.046,-1.3918,-1.22563
1.047,-1.39302,-1.21585
1.048,-1.39423,-1.20607
1.049,-1.39543,-1.19629
1.05,-1.39663,-1.18651
1.051,-1.39781,-1.17673
1.052,-1.39898,-1.16695
1.053,-1.40014,-1.15717
1.054,-1.40129,-1.14739
1.055,-1.40244,-1.1376
1.056,-1.40357,-1.12782
1.057,-1.40469,-1.11803
1.058,-1.4058,-1.10824
1.059,-1.40691,-1.09845
1.06,-1.408,-1.08867
1.061,-1.40909,-1.07888
1.062,-1.41016,-1.06909
1.063,-1.41122,-1.05929
1.064,-1.41228,-1.0495
1.065,-1.41332,-1.03971
1.066,-1.41436,-1.02992
1.067,-1.41538,-1.02012
1.068,-1.4164,-1.01033
1.069,-1.4174,-1.00054
1.07,-1.4184,-0.990741
1.071,-1.41938,-0.980945
1.072,-1.42036,-0.971149
1.073,-1.42133,-0.961353
1.074,-1.42228,-0.951556
1.075,-1.42323,-0.941758
1.076,-1.42417,-0.93196
1.077,-1.42509,-0.922162
1.078,-1.42601,-0.912364
1.079,-1.42692,-0.902565
1.08,-1.42782,-0.892766
1.081,-1.4287,-0.882967
1.082,-1.42958,-0.873167
1.083,-1.43045,-0.863368
1.084,-1.43131,-0.853568
1.085,-1.43216,-0.843767
1.086,-1.433,-0.833967
1.087,-1.43383,-0.824167
1.088,-1.43464,-0.814366
1.089,-1.43545,-0.804565
1.09,-1.43625,-0.794764
1.091,-1.43704,-0.784964
1.092,-1.43782,-0.775163
1.093,-1.43859,-0.765362
1.094,-1.43935,-0.755561
1.095,-1.44011,-0.74576
1.096,-1.44085,-0.735959
1.097,-1.44158,-0.726158
1.098,-1.4423,-0.716357
1.099,-1.44301,-0.706557
1.1,-1.44371,-0.696756
1.101,-1.4444,-0.686956
1.102,-1.44509,-0.677155
1.103,-1.44576,-0.667355
1.104,-1.44642,-0.657555
1.105,-1.44707,-0.647755
1.106,-1.44772,-0.637955
1.107,-1.44835,-0.628156
1.108,-1.44897,-0.618357
1.109,-1.44959,-0.608558
1.11,-1.45019,-0.598759
1.111,-1.45078,-0.58896
1.112,-1.45137,-0.579162
1.113,-1.45194,-0.569364
1.114,-1.45251,-0.559567
1.115,-1.45306,-0.549769
1.116,-1.45361,-0.539973
1.117,-1.45414,-0.530176
1.118,-1.45467,-0.52038
1.119,-1.45518,-0.510584
1.12,-1.45569,-0.500789
1.121,-1.45618,-0.490994
1.122,-1.45667,-0.481199
1.123,-1.45715,-0.471405
1.124,-1.45761,-0.461612
1.125,-1.45807,-0.451818
1.126,-1.45852,-0.442026
1.127,-1.45895,-0.432234
1.128,-1.45938,-0.422442
1.129,-1.4598,-0.412651
1.13,-1.4602,-0.40286
1.131,-1.4606,-0.39307
1.132,-1.46099,-0.383281
1.133,-1.46137,-0.373492
1.134,-1.46174,-0.363703
1.135,-1.4621,-0.353915
1.136,-1.46245,-0.344128
1.137,-1.46279,-0.334342
1.138,-1.46311,-0.324556
1.139,-1.46343,-0.31477
1.14,-1.46374,-0.304986
1.141,-1.46404,-0.295202
1.142,-1.46433,-0.285418
1.143,-1.46462,-0.275636
1.144,-1.46489,-0.265854
1.145,-1.46515,-0.256072
1.146,-1.4654,-0.246292
1.147,-1.46564,-0.236512
1.148,-1.46587,-0.226733
1.149,-1.46609,-0.216955
1.15,-1.4663,-0.207177
1.151,-1.46651,-0.1974
1.152,-1.4667,-0.187624
1.153,-1.46688,-0.177849
1.154,-1.46706,-0.168074
1.155,-1.46722,-0.158301
1.156,-1.46737,-0.148528
1.157,-1.46752,-0.138756
1.158,-1.46765,-0.128985
1.159,-1.46777,-0.119214
1.16,-1.46789,-0.109445
1.161,-1.46799,-0.0996763
1.162,-1.46809,-0.0899086
1.163,-1.46817,-0.0801417
1.164,-1.46825,-0.0703758
1.165,-1.46831,-0.0606107
1.166,-1.46837,-0.0508466
1.167,-1.46841,-0.0410834
1.168,-1.46845,-0.0313211
1.169,-1.46848,-0.0215598
1.17,-1.46849,-0.0117994
1.171,-1.4685,-0.00204003
1.172,-1.4685,0.0077184
1.173,-1.46849,0.0174759
1.174,-1.46846,0.0272323
1.175,-1.46843,0.0369878
1.176,-1.46839,0.0467422
1.177,-1.46834,0.0564956
1.178,-1.46828,0.066248
1.179,-1.46821,0.0759993
1.18,-1.46812,0.0857496
1.181,-1.46803,0.0954989
1.182,-1.46793,0.105247
1.183,-1.46782,0.114994
1.184,-1.4677,0.12474
1.185,-1.46757,0.134485
1.186,-1.46743,0.144229
1.187,-1.46729,0.153971
1.188,-1.46713,0.163713
1.189,-1.46696,0.173453
1.19,-1.46678,0.183193
1.191,-1.46659,0.192931
1.192,-1.46639,0.202668
1.193,-1.46619,0.212403
1.194,-1.46597,0.222138
1.195,-1.46574,0.231871
1.196,-1.46551,0.241603
1.197,-1.46526,0.251334
1.198,-1.465,0.261064
1.199,-1.46474,0.270792
1.2,-1.46446,0.280519
1.201,-1.46418,0.290245
1.202,-1.46388,0.29997
1.203,-1.46358,0.309693
1.204,-1.46326,0.319415
1.205,-1.46294,0.329136
1.206,-1.4626,0.338856
1.207,-1.46226,0.348574
1.208,-1.46191,0.35829
1.209,-1.46154,0.368006
1.21,-1.46117,0.37772
1.211,-1.46079,0.387432
1.212,-1.46039,0.397144
1.213,-1.45999,0.406854
1.214,-1.45958,0.416562
1.215,-1.45916,0.426269
1.216,-1.45873,0.435975
1.217,-1.45829,0.445679
1.218,-1.45784,0.455381
1.219,-1.45738,0.465083
1.22,-1.45691,0.474782
1.221,-1.45643,0.484481
1.222,-1.45594,0.494177
1.223,-1.45544,0.503872
1.224,-1.45493,0.513566
1.225,-1.45441,0.523258
1.226,-1.45388,0.532949
1.227,-1.45335,0.542638
1.228,-1.4528,0.552325
1.229,-1.45224,0.562011
1.23,-1.45167,0.571695
1.231,-1.4511,0.581377
1.232,-1.45051,0.591058
1.233,-1.44992,0.600737
1.234,-1.44931,0.610415
1.235,-1.44869,0.620091
1.236,-1.44807,0.629765
1.237,-1.44744,0.639437
1.238,-1.44679,0.649108
1.239,-1.44614,0.658777
1.24,-1.44547,0.668444
1.241,-1.4448,0.678109
1.242,-1.44412,0.687773
1.243,-1.44342,0.697434
1.244,-1.44272,0.707094
1.245,-1.44201,0.716752
1.246,-1.44129,0.726408
1.247,-1.44056,0.736063
1.248,-1.43982,0.745715
1.249,-1.43907,0.755365
1.25,-1.43831,0.765014
1.251,-1.43754,0.77466
1.252,-1.43676,0.784305
1.253,-1.43597,0.793948
1.254,-1.43517,0.803588
1.255,-1.43436,0.813227
1.256,-1.43354,0.822863
1.257,-1.43271,0.832498
1.258,-1.43188,0.84213
1.259,-1.43103,0.85176
1.26,-1.43017,0.861388
1.261,-1.42931,0.871014
1.262,-1.42843,0.880638
1.263,-1.42755,0.89026
1.264,-1.42665,0.899879
1.265,-1.42575,0.909496
1.266,-1.42483,0.919111
1.267,-1.42391,0.928724
1.268,-1.42297,0.938334
1.269,-1.42203,0.947942
1.27,-1.42108,0.957548
1.271,-1.42012,0.967151
1.272,-1.41914,0.976752
1.273,-1.41816,0.98635
1.274,-1.41717,0.995947
1.275,-1.41617,1.00554
1.276,-1.41516,1.01513
1.277,-1.41414,1.02472
1.278,-1.41311,1.03431
1.279,-1.41207,1.04389
1.28,-1.41102,1.05347
1.281,-1.40997,1.06305
1.282,-1.4089,1.07262
1.283,-1.40782,1.0822
1.284,-1.40673,1.09177
1.285,-1.40564,1.10134
1.286,-1.40453,1.1109
1.287,-1.40341,1.12046
1.288,-1.40229,1.13002
1.289,-1.40115,1.13958
1.29,-1.40001,1.14913
1.291,-1.39886,1.15868
1.292,-1.39769,1.16823
1.293,-1.39652,1.17778
1.294,-1.39534,1.18732
1.295,-1.39415,1.19686
1.296,-1.39294,1.20639
1.297,-1.39173,1.21593
1.298,-1.39051,1.22546
1.299,-1.38928,1.23498
1.3,-1.38804,1.24451
1.301,-1.38679,1.25403
1.302,-1.38553,1.26355
1.303,-1.38427,1.27306
1.304,-1.38299,1.28257
1.305,-1.3817,1.29208
1.306,-1.3804,1.30158
1.307,-1.3791,1.31108
1.308,-1.37778,1.32058
1.309,-1.37646,1.33008
1.31,-1.37512,1.33957
1.311,-1.37378,1.34905
1.312,-1.37242,1.35854
1.313,-1.37106,1.36802
1.314,-1.36969,1.37749
1.315,-1.36831,1.38697
1.316,-1.36691,1.39644
1.317,-1.36551,1.4059
1.318,-1.3641,1.41536
1.319,-1.36268,1.42482
1.32,-1.36125,1.43427
1.321,-1.35981,1.44372
1.322,-1.35836,1.45317
1.323,-1.35691,1.46261
1.324,-1.35544,1.47205
1.325,-1.35396,1.48148
1.326,-1.35248,1.49091
1.327,-1.35098,1.50034
1.328,-1.34948,1.50976
1.329,-1.34796,1.51918
1.33,-1.34644,1.52859
1.331,-1.3449,1.538
1.332,-1.34336,1.54741
1.333,-1.34181,1.55681
1.334,-1.34025,1.5662
1.335,-1.33868,1.5756
1.336,-1.3371,1.58498
1.337,-1.33551,1.59436
1.338,-1.33391,1.60374
1.339,-1.3323,1.61312
1.34,-1.33068,1.62248
1.341,-1.32905,1.63185
1.342,-1.32742,1.64121
1.343,-1.32577,1.65056
1.344,-1.32412,1.65991
1.345,-1.32245,1.66926
1.346,-1.32078,1.6786
1.347,-1.31909,1.68793
1.348,-1.3174,1.69726
1.349,-1.3157,1.70658
1.35,-1.31399,1.7159
1.351,-1.31227,1.72522
1.352,-1.31054,1.73453
1.353,-1.3088,1.74383
1.354,-1.30705,1.75313
1.355,-1.30529,1.76242
1.356,-1.30353,1.77171
1.357,-1.30175,1.78099
1.358,-1.29996,1.79027
1.359,-1.29817,1.79954
1.36,-1.29637,1.8088
1.361,-1.29455,1.81806
1.362,-1.29273,1.82731
1.363,-1.2909,1.83656
1.364,-1.28906,1.8458
1.365,-1.28721,1.85504
1.366,-1.28535,1.86427
1.367,-1.28348,1.87349
1.368,-1.2816,1.88271
1.369,-1.27971,1.89192
1.37,-1.27781,1.90113
1.371,-1.27591,1.91032
1.372,-1.27399,1.91952
1.373,-1.27207,1.9287
1.374,-1.27014,1.93788
1.375,-1.26819,1.94706
1.376,-1.26624,1.95622
1.377,-1.26428,1.96538
1.378,-1.26231,1.97453
1.379,-1.26033,1.98368
1.38,-1.25834,1.99282
1.381,-1.25635,2.00195
1.382,-1.25434,2.01108
1.383,-1.25233,2.0202
1.384,-1.2503,2.02931
1.385,-1.24827,2.03841
1.386,-1.24622,2.04751
1.387,-1.24417,2.0566
1.388,-1.24211,2.06568
1.389,-1.24004,2.07475
1.39,-1.23796,2.08382
1.391,-1.23587,2.09288
1.392,-1.23378,2.10193
1.393,-1.23167,2.11098
1.394,-1.22955,2.12001
1.395,-1.22743,2.12904
1.396,-1.2253,2.13806
1.397,-1.22315,2.14707
1.398,-1.221,2.15608
1.399,-1.21884,2.16507
1.4,-1.21667,2.17406
1.401,-1.21449,2.18304
1.402,-1.2123,2.19201
1.403,-1.21011,2.20098
1.404,-1.2079,2.20993
1.405,-1.20569,2.21888
1.406,-1.20347,2.22781
1.407,-1.20123,2.23674
1.408,-1.19899,2.24566
1.409,-1.19674,2.25457
1.41,-1.19448,2.26347
1.411,-1.19221,2.27237
1.412,-1.18994,2.28125
1.413,-1.18765,2.29012
1.414,-1.18536,2.29899
1.415,-1.18305,2.30784
1.416,-1.18074,2.31669
1.417,-1.17842,2.32553
1.418,-1.17609,2.33435
1.419,-1.17375,2.34317
1.42,-1.1714,2.35198
1.421,-1.16905,2.36078
1.422,-1.16668,2.36957
1.423,-1.16431,2.37834
1.424,-1.16193,2.38711
1.425,-1.15953,2.39587
1.426,-1.15713,2.40462
1.427,-1.15473,2.41335
1.428,-1.15231,2.42208
1.429,-1.14988,2.43079
1.43,-1.14745,2.4395
1.431,-1.145,2.44819
1.432,-1.14255,2.45688
1.433,-1.14009,2.46555
1.434,-1.13762,2.47421
1.435,-1.13514,2.48286
1.436,-1.13265,2.4915
1.437,-1.13016,2.50013
1.438,-1.12765,2.50875
1.439,-1.12514,2.51736
1.44,-1.12262,2.52595
1.441,-1.12009,2.53453
1.442,-1.11755,2.5431
1.443,-1.115,2.55166
1.444,-1.11245,2.56021
1.445,-1.10988,2.56875
1.446,-1.10731,2.57727
1.447,-1.10473,2.58578
1.448,-1.10214,2.59428
1.449,-1.09954,2.60277
1.45,-1.09693,2.61124
1.451,-1.09432,2.6197
1.452,-1.09169,2.62815
1.453,-1.08906,2.63659
1.454,-1.08642,2.64501
1.455,-1.08377,2.65342
1.456,-1.08111,2.66182
1.457,-1.07845,2.6702
1.458,-1.07577,2.67857
1.459,-1.07309,2.68693
1.46,-1.0704,2.69528
1.461,-1.0677,2.70361
1.462,-1.06499,2.71192
1.463,-1.06227,2.72023
1.464,-1.05955,2.72852
1.465,-1.05682,2.73679
1.466,-1.05408,2.74506
1.467,-1.05133,2.7533
1.468,-1.04857,2.76154
1.469,-1.0458,2.76976
1.47,-1.04303,2.77796
1.471,-1.04025,2.78615
1.472,-1.03746,2.79433
1.473,-1.03466,2.80249
1.474,-1.03185,2.81063
1.475,-1.02904,2.81876
1.476,-1.02622,2.82688
1.477,-1.02338,2.83498
1.478,-1.02055,2.84307
1.479,-1.0177,2.85114
1.48,-1.01484,2.85919
1.481,-1.01198,2.86723
1.482,-1.00911,2.87525
1.483,-1.00623,2.88326
1.484,-1.00334,2.89125
1.485,-1.00045,2.89923
1.486,-0.997544,2.90719
1.487,-0.994632,2.91513
1.488,-0.991713,2.92305
1.489,-0.988786,2.93096
1.49,-0.985851,2.93886
1.491,-0.982909,2.94673
1.492,-0.979958,2.95459
1.493,-0.976999,2.96244
1.494,-0.974033,2.97026
1.495,-0.971059,2.97807
1.496,-0.968077,2.98586
1.497,-0.965087,2.99364
1.498,-0.96209,3.00139
1.499,-0.959084,3.00913
1.5,-0.956071,3.01686
1.501,-0.953051,3.02456
1.502,-0.950022,3.03224
1.503,-0.946986,3.03991
1.504,-0.943942,3.04756
1.505,-0.940891,3.05519
1.506,-0.937832,3.0628
1.507,-0.934765,3.0704
1.508,-0.931691,3.07797
1.509,-0.928609,3.08553
1.51,-0.92552,3.09307
1.511,-0.922423,3.10059
1.512,-0.919319,3.10809
1.513,-0.916207,3.11557
1.514,-0.913088,3.12303
1.515,-0.909961,3.13047
1.516,-0.906827,3.13789
1.517,-0.903685,3.14529
1.518,-0.900536,3.15268
1.519,-0.89738,3.16004
1.52,-0.894216,3.16738
1.521,-0.891045,3.1747
1.522,-0.887867,3.182
1.523,-0.884681,3.18929
1.524,-0.881488,3.19655
1.525,-0.878288,3.20379
1.526,-0.875081,3.21101
1.527,-0.871866,3.21821
1.528,-0.868644,3.22538
1.529,-0.865415,3.23254
1.53,-0.862179,3.23967
1.531,-0.858936,3.24679
1.532,-0.855686,3.25388
1.533,-0.852428,3.26095
1.534,-0.849164,3.268
1.535,-0.845892,3.27503
1.536,-0.842614,3.28203
1.537,-0.839328,3.28901
1.538,-0.836036,3.29597
1.539,-0.832736,3.30291
1.54,-0.82943,3.30983
1.541,-0.826117,3.31672
1.542,-0.822797,3.32359
1.543,-0.81947,3.33044
1.544,-0.816136,3.33726
1.545,-0.812795,3.34406
1.546,-0.809448,3.35084
1.547,-0.806093,3.3576
1.548,-0.802732,3.36433
1.549,-0.799365,3.37104
1.55,-0.79599,3.37772
1.551,-0.792609,3.38438
1.552,-0.789222,3.39102
1.553,-0.785827,3.39763
1.554,-0.782426,3.40422
1.555,-0.779019,3.41078
1.556,-0.775605,3.41732
1.557,-0.772184,3.42383
1.558,-0.768757,3.43032
1.559,-0.765324,3.43679
1.56,-0.761883,3.44323
1.561,-0.758437,3.44964
1.562,-0.754984,3.45603
1.563,-0.751525,3.4624
1.564,-0.748059,3.46874
1.565,-0.744588,3.47505
1.566,-0.741109,3.48134
1.567,-0.737625,3.4876
1.568,-0.734134,3.49383
1.569,-0.730637,3.50004
1.57,-0.727134,3.50623
1.571,-0.723625,3.51238
1.572,-0.720109,3.51851
1.573,-0.716588,3.52462
1.574,-0.71306,3.5307
1.575,-0.709526,3.53675
1.576,-0.705987,3.54277
1.577,-0.702441,3.54877
1.578,-0.698889,3.55474
1.579,-0.695331,3.56068
1.58,-0.691768,3.56659
1.581,-0.688198,3.57248
1.582,-0.684623,3.57834
1.583,-0.681042,3.58417
1.584,-0.677454,3.58998
1.585,-0.673862,3.59575
1.586,-0.670263,3.6015
1.587,-0.666659,3.60722
1.588,-0.663049,3.61291
1.589,-0.659433,3.61857
1.59,-0.655811,3.62421
1.591,-0.652184,3.62981
1.592,-0.648552,3.63539
1.593,-0.644914,3.64094
1.594,-0.64127,3.64646
1.595,-0.637621,3.65195
1.596,-0.633966,3.65741
1.597,-0.630306,3.66284
1.598,-0.62664,3.66824
1.599,-0.622969,3.67361
1.6,-0.619293,3.67895
1.601,-0.615612,3.68426
1.602,-0.611925,3.68954
1.603,-0.608232,3.69479
1.604,-0.604535,3.70001
1.605,-0.600832,3.70521
1.606,-0.597125,3.71037
1.607,-0.593412,3.71549
1.608,-0.589694,3.72059
1.609,-0.585971,3.72566
1.61,-0.582242,3.7307
1.611,-0.578509,3.7357
1.612,-0.574771,3.74068
1.613,-0.571028,3.74562
1.614,-0.56728,3.75053
1.615,-0.563527,3.75541
1.616,-0.559769,3.76026
1.617,-0.556006,3.76508
1.618,-0.552239,3.76987
1.619,-0.548467,3.77462
1.62,-0.54469,3.77934
1.621,-0.540908,3.78403
1.622,-0.537121,3.78869
1.623,-0.53333,3.79331
1.624,-0.529535,3.7979
1.625,-0.525735,3.80246
1.626,-0.52193,3.80699
1.627,-0.518121,3.81148
1.628,-0.514307,3.81594
1.629,-0.510489,3.82037
1.63,-0.506666,3.82476
1.631,-0.502839,3.82913
1.632,-0.499008,3.83345
1.633,-0.495172,3.83775
1.634,-0.491333,3.84201
1.635,-0.487488,3.84624
1.636,-0.48364,3.85043
1.637,-0.479788,3.85459
1.638,-0.475931,3.85872
1.639,-0.47207,3.86281
1.64,-0.468205,3.86687
1.641,-0.464336,3.87089
1.642,-0.460464,3.87488
1.643,-0.456587,3.87883
1.644,-0.452706,3.88275
1.645,-0.448821,3.88664
1.646,-0.444933,3.89049
1.647,-0.44104,3.8943
1.648,-0.437144,3.89808
1.649,-0.433244,3.90183
1.65,-0.42934,3.90554
1.651,-0.425433,3.90922
1.652,-0.421522,3.91286
1.653,-0.417607,3.91646
1.654,-0.413689,3.92003
1.655,-0.409767,3.92356
1.656,-0.405842,3.92706
1.657,-0.401913,3.93052
1.658,-0.397981,3.93395
1.659,-0.394045,3.93734
1.66,-0.390106,3.9407
1.661,-0.386164,3.94401
1.662,-0.382218,3.9473
1.663,-0.378269,3.95054
1.664,-0.374317,3.95375
1.665,-0.370362,3.95693
1.666,-0.366403,3.96006
1.667,-0.362442,3.96316
1.668,-0.358477,3.96623
1.669,-0.354509,3.96925
1.67,-0.350538,3.97224
1.671,-0.346565,3.9752
1.672,-0.342588,3.97811
1.673,-0.338609,3.98099
1.674,-0.334626,3.98383
1.675,-0.330641,3.98664
1.676,-0.326653,3.98941
1.677,-0.322662,3.99214
1.678,-0.318669,3.99483
1.679,-0.314672,3.99748
1.68,-0.310674,4.0001
1.681,-0.306672,4.00268
1.682,-0.302668,4.00522
1.683,-0.298662,4.00773
1.684,-0.294653,4.0102
1.685,-0.290641,4.01262
1.686,-0.286628,4.01502
1.687,-0.282611,4.01737
1.688,-0.278593,4.01968
1.689,-0.274572,4.02196
1.69,-0.270549,4.0242
1.691,-0.266524,4.0264
1.692,-0.262496,4.02856
1.693,-0.258467,4.03068
1.694,-0.254435,4.03277
1.695,-0.250401,4.03482
1.696,-0.246365,4.03682
1.697,-0.242327,4.03879
1.698,-0.238288,4.04072
1.699,-0.234246,4.04262
1.7,-0.230202,4.04447
1.701,-0.226157,4.04628
1.702,-0.22211,4.04806
1.703,-0.218061,4.0498
1.704,-0.21401,4.05149
1.705,-0.209958,4.05315
1.706,-0.205904,4.05477
1.707,-0.201848,4.05635
1.708,-0.197791,4.0579
1.709,-0.193733,4.0594
1.71,-0.189673,4.06086
1.711,-0.185611,4.06228
1.712,-0.181548,4.06367
1.713,-0.177484,4.06501
1.714,-0.173418,4.06632
1.715,-0.169351,4.06759
1.716,-0.165283,4.06881
1.717,-0.161213,4.07
1.718,-0.157143,4.07115
1.719,-0.153071,4.07226
1.72,-0.148998,4.07333
1.721,-0.144924,4.07436
1.722,-0.14085,4.07534
1.723,-0.136774,4.07629
1.724,-0.132697,4.0772
1.725,-0.128619,4.07807
1.726,-0.124541,4.07891
1.727,-0.120462,4.0797
1.728,-0.116382,4.08045
1.729,-0.112301,4.08116
1.73,-0.108219,4.08183
1.731,-0.104137,4.08246
1.732,-0.100054,4.08305
1.733,-0.095971,4.0836
1.734,-0.0918871,4.08412
1.735,-0.0878027,4.08459
1.736,-0.0837179,4.08502
1.737,-0.0796327,4.08541
1.738,-0.0755471,4.08576
1.739,-0.0714612,4.08607
1.74,-0.067375,4.08635
1.741,-0.0632885,4.08658
1.742,-0.0592018,4.08677
1.743,-0.055115,4.08692
1.744,-0.051028,4.08703
1.745,-0.0469409,4.08711
1.746,-0.0428538,4.08714
1.747,-0.0387667,4.08713
1.748,-0.0346796,4.08708
1.749,-0.0305925,4.08699
1.75,-0.0265056,4.08686
1.751,-0.0224188,4.08669
1.752,-0.0183322,4.08649
1.753,-0.0142459,4.08624
1.754,-0.0101598,4.08595
1.755,-0.00607399,4.08562
1.756,-0.00198855,4.08525
1.757,0.0020965,4.08484
1.758,0.00618112,4.08439
1.759,0.0102653,4.0839
1.76,0.0143489,4.08337
1.761,0.018432,4.0828
1.762,0.0225145,4.0822
1.763,0.0265964,4.08155
1.764,0.0306776,4.08086
1.765,0.0347581,4.08013
1.766,0.0388378,4.07936
1.767,0.0429168,4.07855
1.768,0.0469949,4.0777
1.769,0.0510722,4.07681
1.77,0.0551485,4.07588
1.771,0.0592239,4.07492
1.772,0.0632983,4.07391
1.773,0.0673717,4.07286
1.774,0.0714441,4.07177
1.775,0.0755153,4.07065
1.776,0.0795853,4.06948
1.777,0.0836542,4.06827
1.778,0.0877219,4.06703
1.779,0.0917882,4.06574
1.78,0.0958533,4.06441
1.781,0.0999171,4.06305
1.782,0.103979,4.06164
1.783,0.10804,4.0602
1.784,0.1121,4.05872
1.785,0.116158,4.05719
1.786,0.120214,4.05563
1.787,0.124269,4.05403
1.788,0.128322,4.05239
1.789,0.132374,4.05071
1.79,0.136424,4.04899
1.791,0.140472,4.04723
1.792,0.144518,4.04543
1.793,0.148563,4.0436
1.794,0.152605,4.04172
1.795,0.156646,4.0398
1.796,0.160685,4.03785
1.797,0.164722,4.03586
1.798,0.168757,4.03383
1.799,0.172789,4.03176
1.8,0.17682,4.02965
1.801,0.180849,4.0275
1.802,0.184875,4.02531
1.803,0.188899,4.02309
1.804,0.192921,4.02082
1.805,0.196941,4.01852
1.806,0.200958,4.01618
1.807,0.204973,4.0138
1.808,0.208986,4.01138
1.809,0.212996,4.00893
1.81,0.217004,4.00644
1.811,0.221009,4.0039
1.812,0.225011,4.00133
1.813,0.229011,3.99873
1.814,0.233009,3.99608
1.815,0.237004,3.9934
1.816,0.240996,3.99067
1.817,0.244985,3.98792
1.818,0.248972,3.98512
1.819,0.252955,3.98228
1.82,0.256936,3.97941
1.821,0.260914,3.9765
1.822,0.264889,3.97356
1.823,0.268861,3.97057
1.824,0.27283,3.96755
1.825,0.276796,3.96449
1.826,0.280759,3.9614
1.827,0.284719,3.95826
1.828,0.288676,3.95509
1.829,0.292629,3.95189
1.83,0.296579,3.94864
1.831,0.300526,3.94536
1.832,0.30447,3.94205
1.833,0.308411,3.93869
1.834,0.312348,3.9353
1.835,0.316281,3.93188
1.836,0.320211,3.92841
1.837,0.324138,3.92491
1.838,0.328061,3.92138
1.839,0.331981,3.91781
1.84,0.335897,3.9142
1.841,0.339809,3.91056
1.842,0.343718,3.90688
1.843,0.347623,3.90317
1.844,0.351524,3.89942
1.845,0.355422,3.89563
1.846,0.359315,3.89181
1.847,0.363205,3.88795
1.848,0.367091,3.88406
1.849,0.370973,3.88013
1.85,0.374851,3.87617
1.851,0.378726,3.87218
1.852,0.382596,3.86814
1.853,0.386462,3.86408
1.854,0.390324,3.85998
1.855,0.394182,3.85584
1.856,0.398036,3.85167
1.857,0.401885,3.84746
1.858,0.405731,3.84323
1.859,0.409572,3.83895
1.86,0.413408,3.83464
1.861,0.417241,3.8303
1.862,0.421069,3.82593
1.863,0.424893,3.82152
1.864,0.428712,3.81708
1.865,0.432527,3.8126
1.866,0.436337,3.80809
1.867,0.440143,3.80355
1.868,0.443944,3.79897
1.869,0.447741,3.79436
1.87,0.451533,3.78972
1.871,0.45532,3.78504
1.872,0.459103,3.78033
1.873,0.462881,3.77559
1.874,0.466654,3.77082
1.875,0.470423,3.76601
1.876,0.474186,3.76117
1.877,0.477945,3.7563
1.878,0.481699,3.75139
1.879,0.485448,3.74646
1.88,0.489192,3.74149
1.881,0.492931,3.73649
1.882,0.496665,3.73146
1.883,0.500394,3.72639
1.884,0.504118,3.7213
1.885,0.507836,3.71617
1.886,0.51155,3.71102
1.887,0.515258,3.70583
1.888,0.518962,3.70061
1.889,0.522659,3.69536
1.89,0.526352,3.69007
1.891,0.53004,3.68476
1.892,0.533722,3.67942
1.893,0.537398,3.67404
1.894,0.54107,3.66864
1.895,0.544736,3.6632
1.896,0.548396,3.65774
1.897,0.552051,3.65224
1.898,0.555701,3.64672
1.899,0.559345,3.64116
1.9,0.562983,3.63558
1.901,0.566616,3.62997
1.902,0.570243,3.62432
1.903,0.573864,3.61865
1.904,0.57748,3.61295
1.905,0.58109,3.60722
1.906,0.584695,3.60146
1.907,0.588293,3.59567
1.908,0.591886,3.58985
1.909,0.595473,3.584
1.91,0.599054,3.57813
1.911,0.602629,3.57222
1.912,0.606198,3.56629
1.913,0.609762,3.56033
1.914,0.613319,3.55434
1.915,0.61687,3.54833
1.916,0.620416,3.54229
1.917,0.623955,3.53621
1.918,0.627488,3.53011
1.919,0.631015,3.52399
1.92,0.634536,3.51784
1.921,0.638051,3.51165
1.922,0.641559,3.50545
1.923,0.645062,3.49921
1.924,0.648558,3.49295
1.925,0.652048,3.48666
1.926,0.655531,3.48035
1.927,0.659008,3.47401
1.928,0.662479,3.46764
1.929,0.665944,3.46124
1.93,0.669402,3.45482
1.931,0.672853,3.44838
1.932,0.676298,3.44191
1.933,0.679737,3.43541
1.934,0.683169,3.42889
1.935,0.686595,3.42234
1.936,0.690014,3.41577
1.937,0.693426,3.40917
1.938,0.696832,3.40254
1.939,0.700231,3.3959
1.94,0.703624,3.38922
1.941,0.70701,3.38252
1.942,0.710389,3.3758
1.943,0.713761,3.36905
1.944,0.717127,3.36228
1.945,0.720486,3.35549
1.946,0.723838,3.34867
1.947,0.727183,3.34182
1.948,0.730522,3.33496
1.949,0.733853,3.32806
1.95,0.737178,3.32115
1.951,0.740495,3.31421
1.952,0.743806,3.30725
1.953,0.74711,3.30027
1.954,0.750407,3.29326
1.955,0.753696,3.28623
1.956,0.756979,3.27917
1.957,0.760255,3.2721
1.958,0.763523,3.265
1.959,0.766785,3.25788
1.96,0.770039,3.25074
1.961,0.773286,3.24357
1.962,0.776526,3.23638
1.963,0.779759,3.22917
1.964,0.782985,3.22194
1.965,0.786203,3.21469
1.966,0.789414,3.20741
1.967,0.792618,3.20012
1.968,0.795814,3.1928
1.969,0.799003,3.18546
1.97,0.802185,3.1781
1.971,0.80536,3.17072
1.972,0.808527,3.16332
1.973,0.811686,3.1559
1.974,0.814838,3.14846
1.975,0.817983,3.14099
1.976,0.82112,3.13351
1.977,0.82425,3.12601
1.978,0.827372,3.11848
1.979,0.830487,3.11094
1.98,0.833594,3.10338
1.981,0.836694,3.09579
1.982,0.839786,3.08819
1.983,0.84287,3.08057
1.984,0.845947,3.07293
1.985,0.849016,3.06527
1.986,0.852077,3.05759
1.987,0.855131,3.04989
1.988,0.858177,3.04217
1.989,0.861216,3.03443
1.99,0.864246,3.02668
1.991,0.867269,3.01891
1.992,0.870284,3.01111
1.993,0.873291,3.0033
1.994,0.87629,2.99548
1.995,0.879282,2.98763
1.996,0.882266,2.97977
1.997,0.885242,2.97188
1.998,0.888209,2.96398
1.999,0.89117,2.95607
2,0.894122,2.94813
2.001,0.897066,2.94018
2.002,0.900002,2.93221
2.003,0.90293,2.92422
2.004,0.90585,2.91622
2.005,0.908763,2.9082
2.006,0.911667,2.90017
2.007,0.914563,2.89211
2.008,0.917451,2.88404
2.009,0.920331,2.87596
2.01,0.923203,2.86785
2.011,0.926067,2.85973
2.012,0.928922,2.8516
2.013,0.93177,2.84345
2.014,0.934609,2.83528
2.015,0.93744,2.8271
2.016,0.940263,2.8189
2.017,0.943078,2.81069
2.018,0.945885,2.80246
2.019,0.948683,2.79422
2.02,0.951473,2.78596
2.021,0.954255,2.77768
2.022,0.957029,2.76939
2.023,0.959794,2.76109
2.024,0.962551,2.75277
2.025,0.965299,2.74444
2.026,0.96804,2.73609
2.027,0.970772,2.72773
2.028,0.973495,2.71935
2.029,0.97621,2.71096
2.03,0.978917,2.70256
2.031,0.981615,2.69414
2.032,0.984305,2.68571
2.033,0.986987,2.67726
2.034,0.98966,2.6688
2.035,0.992324,2.66033
2.036,0.994981,2.65184
2.037,0.997628,2.64334
2.038,1.00027,2.63483
2.039,1.0029,2.6263
2.04,1.00552,2.61776
2.041,1.00813,2.60921
2.042,1.01074,2.60065
2.043,1.01333,2.59207
2.044,1.01592,2.58348
2.045,1.0185,2.57488
2.046,1.02107,2.56626
2.047,1.02363,2.55763
2.048,1.02619,2.54899
2.049,1.02873,2.54034
2.05,1.03127,2.53168
2.051,1.0338,2.523
2.052,1.03631,2.51431
2.053,1.03882,2.50562
2.054,1.04133,2.4969
2.055,1.04382,2.48818
2.056,1.0463,2.47945
2.057,1.04878,2.4707
2.058,1.05124,2.46195
2.059,1.0537,2.45318
2.06,1.05615,2.4444
2.061,1.05859,2.43561
2.062,1.06102,2.42681
2.063,1.06344,2.418
2.064,1.06586,2.40918
2.065,1.06826,2.40035
2.066,1.07066,2.39151
2.067,1.07304,2.38265
2.068,1.07542,2.37379
2.069,1.07779,2.36492
2.07,1.08015,2.35603
2.071,1.0825,2.34714
2.072,1.08485,2.33824
2.073,1.08718,2.32933
2.074,1.08951,2.3204
2.075,1.09182,2.31147
2.076,1.09413,2.30253
2.077,1.09643,2.29358
2.078,1.09872,2.28462
2.079,1.101,2.27565
2.08,1.10327,2.26667
2.081,1.10553,2.25768
2.082,1.10778,2.24868
2.083,1.11003,2.23967
2.084,1.11226,2.23066
2.085,1.11449,2.22163
2.086,1.1167,2.2126
2.087,1.11891,2.20356
2.088,1.12111,2.19451
2.089,1.1233,2.18545
2.09,1.12548,2.17639
2.091,1.12765,2.16731
2.092,1.12982,2.15823
2.093,1.13197,2.14914
2.094,1.13412,2.14004
2.095,1.13625,2.13093
2.096,1.13838,2.12181
2.097,1.14049,2.11269
2.098,1.1426,2.10356
2.099,1.1447,2.09442
2.1,1.14679,2.08527
2.101,1.14887,2.07612
2.102,1.15094,2.06696
2.103,1.15301,2.05779
2.104,1.15506,2.04862
2.105,1.1571,2.03943
2.106,1.15914,2.03024
2.107,1.16116,2.02105
2.108,1.16318,2.01184
2.109,1.16519,2.00263
2.11,1.16719,1.99341
2.111,1.16917,1.98419
2.112,1.17115,1.97496
2.113,1.17312,1.96572
2.114,1.17509,1.95648
2.115,1.17704,1.94723
2.116,1.17898,1.93797
2.117,1.18091,1.9287
2.118,1.18284,1.91943
2.119,1.18475,1.91016
2.12,1.18666,1.90088
2.121,1.18855,1.89159
2.122,1.19044,1.88229
2.123,1.19232,1.87299
2.124,1.19419,1.86369
2.125,1.19605,1.85438
2.126,1.1979,1.84506
2.127,1.19974,1.83574
2.128,1.20157,1.82641
2.129,1.20339,1.81707
2.13,1.2052,1.80773
2.131,1.207,1.79839
2.132,1.2088,1.78904
2.133,1.21058,1.77968
2.134,1.21236,1.77032
2.135,1.21412,1.76095
2.136,1.21588,1.75158
2.137,1.21763,1.74221
2.138,1.21936,1.73283
2.139,1.22109,1.72344
2.14,1.22281,1.71405
2.141,1.22452,1.70465
2.142,1.22622,1.69525
2.143,1.22791,1.68585
2.144,1.22959,1.67644
2.145,1.23126,1.66702
2.146,1.23293,1.6576
2.147,1.23458,1.64818
2.148,1.23622,1.63875
2.149,1.23786,1.62932
2.15,1.23948,1.61988
2.151,1.2411,1.61044
2.152,1.2427,1.601
2.153,1.2443,1.59155
2.154,1.24588,1.5821
2.155,1.24746,1.57264
2.156,1.24903,1.56318
2.157,1.25059,1.55372
2.158,1.25214,1.54425
2.159,1.25368,1.53477
2.16,1.25521,1.5253
2.161,1.25673,1.51582
2.162,1.25824,1.50633
2.163,1.25974,1.49685
2.164,1.26123,1.48736
2.165,1.26271,1.47786
2.166,1.26419,1.46836
2.167,1.26565,1.45886
2.168,1.26711,1.44936
2.169,1.26855,1.43985
2.17,1.26999,1.43034
2.171,1.27141,1.42083
2.172,1.27283,1.41131
2.173,1.27423,1.40179
2.174,1.27563,1.39227
2.175,1.27702,1.38274
2.176,1.2784,1.37321
2.177,1.27976,1.36368
2.178,1.28112,1.35414
2.179,1.28247,1.3446
2.18,1.28381,1.33506
2.181,1.28514,1.32552
2.182,1.28646,1.31597
2.183,1.28777,1.30642
2.184,1.28908,1.29687
2.185,1.29037,1.28732
2.186,1.29165,1.27776
2.187,1.29292,1.2682
2.188,1.29419,1.25864
2.189,1.29544,1.24908
2.19,1.29669,1.23951
2.191,1.29792,1.22994
2.192,1.29915,1.22037
2.193,1.30036,1.2108
2.194,1.30157,1.20122
2.195,1.30276,1.19164
2.196,1.30395,1.18206
2.197,1.30513,1.17248
2.198,1.3063,1.1629
2.199,1.30745,1.15331
2.2,1.3086,1.14372
2.201,1.30974,1.13413
2.202,1.31087,1.12454
2.203,1.31199,1.11495
2.204,1.3131,1.10535
2.205,1.3142,1.09575
2.206,1.31529,1.08615
2.207,1.31637,1.07655
2.208,1.31744,1.06695
2.209,1.31851,1.05735
2.21,1.31956,1.04774
2.211,1.3206,1.03813
2.212,1.32164,1.02852
2.213,1.32266,1.01891
2.214,1.32367,1.0093
2.215,1.32468,0.999687
2.216,1.32567,0.990072
2.217,1.32666,0.980455
2.218,1.32763,0.970837
2.219,1.3286,0.961218
2.22,1.32956,0.951598
2.221,1.3305,0.941976
2.222,1.33144,0.932353
2.223,1.33237,0.922729
2.224,1.33329,0.913103
2.225,1.33419,0.903477
2.226,1.33509,0.893849
2.227,1.33598,0.884221
2.228,1.33686,0.874591
2.229,1.33773,0.86496
2.23,1.33859,0.855328
2.231,1.33944,0.845696
2.232,1.34028,0.836062
2.233,1.34111,0.826428
2.234,1.34194,0.816792
2.235,1.34275,0.807156
2.236,1.34355,0.797519
2.237,1.34434,0.787881
2.238,1.34513,0.778242
2.239,1.3459,0.768603
2.24,1.34666,0.758962
2.241,1.34742,0.749321
2.242,1.34816,0.73968
2.243,1.3489,0.730038
2.244,1.34962,0.720395
2.245,1.35034,0.710752
2.246,1.35104,0.701108
2.247,1.35174,0.691463
2.248,1.35243,0.681818
2.249,1.3531,0.672173
2.25,1.35377,0.662527
2.251,1.35443,0.652881
2.252,1.35508,0.643234
2.253,1.35571,0.633587
2.254,1.35634,0.623939
2.255,1.35696,0.614291
2.256,1.35757,0.604643
2.257,1.35817,0.594995
2.258,1.35876,0.585346
2.259,1.35934,0.575697
2.26,1.35991,0.566048
2.261,1.36047,0.556399
2.262,1.36103,0.546749
2.263,1.36157,0.537099
2.264,1.3621,0.52745
2.265,1.36262,0.5178
2.266,1.36314,0.50815
2.267,1.36364,0.498499
2.268,1.36413,0.488849
2.269,1.36462,0.479199
2.27,1.36509,0.469549
2.271,1.36556,0.459899
2.272,1.36601,0.450249
2.273,1.36646,0.440599
2.274,1.36689,0.430949
2.275,1.36732,0.421299
2.276,1.36773,0.411649
2.277,1.36814,0.402
2.278,1.36854,0.392351
2.279,1.36893,0.382701
2.28,1.3693,0.373052
2.281,1.36967,0.363404
2.282,1.37003,0.353755
2.283,1.37038,0.344107
2.284,1.37072,0.334459
2.285,1.37105,0.324812
2.286,1.37137,0.315164
2.287,1.37168,0.305517
2.288,1.37198,0.295871
2.289,1.37227,0.286225
2.29,1.37255,0.276579
2.291,1.37282,0.266934
2.292,1.37309,0.257289
2.293,1.37334,0.247645
2.294,1.37358,0.238001
2.295,1.37381,0.228357
2.296,1.37404,0.218714
2.297,1.37425,0.209072
2.298,1.37446,0.19943
2.299,1.37465,0.189789
2.3,1.37484,0.180149
2.301,1.37501,0.170509
2.302,1.37518,0.160869
2.303,1.37533,0.151231
2.304,1.37548,0.141593
2.305,1.37562,0.131955
2.306,1.37574,0.122319
2.307,1.37586,0.112683
2.308,1.37597,0.103048
2.309,1.37607,0.0934136
2.31,1.37616,0.08378
2.311,1.37623,0.0741473
2.312,1.3763,0.0645154
2.313,1.37636,0.0548843
2.314,1.37641,0.0452541
2.315,1.37645,0.0356248
2.316,1.37648,0.0259963
2.317,1.37651,0.0163688
2.318,1.37652,0.00674222
2.319,1.37652,-0.00288342
2.32,1.37651,-0.0125081
2.321,1.37649,-0.0221318
2.322,1.37647,-0.0317545
2.323,1.37643,-0.0413761
2.324,1.37638,-0.0509967
2.325,1.37633,-0.0606163
2.326,1.37626,-0.0702348
2.327,1.37619,-0.0798522
2.328,1.3761,-0.0894685
2.329,1.37601,-0.0990836
2.33,1.37591,-0.108698
2.331,1.37579,-0.11831
2.332,1.37567,-0.127922
2.333,1.37554,-0.137533
2.334,1.37539,-0.147142
2.335,1.37524,-0.15675
2.336,1.37508,-0.166356
2.337,1.37491,-0.175962
2.338,1.37473,-0.185566
2.339,1.37454,-0.195169
2.34,1.37434,-0.20477
2.341,1.37413,-0.21437
2.342,1.37391,-0.223969
2.343,1.37368,-0.233567
2.344,1.37344,-0.243163
2.345,1.37319,-0.252757
2.346,1.37294,-0.26235
2.347,1.37267,-0.271942
2.348,1.37239,-0.281532
2.349,1.37211,-0.291121
2.35,1.37181,-0.300708
2.351,1.3715,-0.310293
2.352,1.37119,-0.319877
2.353,1.37087,-0.32946
2.354,1.37053,-0.339041
2.355,1.37019,-0.34862
2.356,1.36983,-0.358197
2.357,1.36947,-0.367773
2.358,1.3691,-0.377348
2.359,1.36872,-0.38692
2.36,1.36832,-0.396491
2.361,1.36792,-0.40606
2.362,1.36751,-0.415627
2.363,1.36709,-0.425193
2.364,1.36666,-0.434757
2.365,1.36622,-0.444319
2.366,1.36577,-0.453879
2.367,1.36531,-0.463437
2.368,1.36485,-0.472993
2.369,1.36437,-0.482548
2.37,1.36388,-0.4921
2.371,1.36338,-0.501651
2.372,1.36288,-0.511199
2.373,1.36236,-0.520746
2.374,1.36184,-0.53029
2.375,1.3613,-0.539833
2.376,1.36076,-0.549374
2.377,1.3602,-0.558912
2.378,1.35964,-0.568448
2.379,1.35907,-0.577982
2.38,1.35848,-0.587515
2.381,1.35789,-0.597044
2.382,1.35729,-0.606572
2.383,1.35668,-0.616098
2.384,1.35606,-0.625621
2.385,1.35543,-0.635142
2.386,1.35479,-0.644661
2.387,1.35414,-0.654177
2.388,1.35348,-0.663691
2.389,1.35281,-0.673203
2.39,1.35213,-0.682712
2.391,1.35144,-0.692219
2.392,1.35075,-0.701723
2.393,1.35004,-0.711226
2.394,1.34932,-0.720725
2.395,1.3486,-0.730222
2.396,1.34786,-0.739717
2.397,1.34712,-0.749209
2.398,1.34637,-0.758698
2.399,1.3456,-0.768185
2.4,1.34483,-0.777669
2.401,1.34405,-0.787151
2.402,1.34326,-0.796629
2.403,1.34245,-0.806105
2.404,1.34164,-0.815579
2.405,1.34082,-0.825049
2.406,1.33999,-0.834517
2.407,1.33915,-0.843982
2.408,1.3383,-0.853444
2.409,1.33745,-0.862904
2.41,1.33658,-0.87236
2.411,1.3357,-0.881814
2.412,1.33482,-0.891264
2.413,1.33392,-0.900712
2.414,1.33301,-0.910156
2.415,1.3321,-0.919597
2.416,1.33117,-0.929036
2.417,1.33024,-0.938471
2.418,1.3293,-0.947903
2.419,1.32835,-0.957332
2.42,1.32738,-0.966758
2.421,1.32641,-0.97618
2.422,1.32543,-0.9856
2.423,1.32444,-0.995016
2.424,1.32344,-1.00443
2.425,1.32243,-1.01384
2.426,1.32141,-1.02324
2.427,1.32039,-1.03265
2.428,1.31935,-1.04204
2.429,1.3183,-1.05144
2.43,1.31725,-1.06083
2.431,1.31618,-1.07022
2.432,1.3151,-1.07961
2.433,1.31402,-1.08899
2.434,1.31293,-1.09836
2.435,1.31182,-1.10774
2.436,1.31071,-1.11711
2.437,1.30959,-1.12648
2.438,1.30846,-1.13584
2.439,1.30732,-1.1452
2.44,1.30617,-1.15455
2.441,1.30501,-1.1639
2.442,1.30384,-1.17325
2.443,1.30266,-1.18259
2.444,1.30147,-1.19193
2.445,1.30028,-1.20127
2.446,1.29907,-1.2106
2.447,1.29786,-1.21993
2.448,1.29663,-1.22925
2.449,1.2954,-1.23857
2.45,1.29416,-1.24788
2.451,1.2929,-1.25719
2.452,1.29164,-1.2665
2.453,1.29037,-1.2758
2.454,1.28909,-1.2851
2.455,1.2878,-1.29439
2.456,1.2865,-1.30368
2.457,1.28519,-1.31296
2.458,1.28387,-1.32224
2.459,1.28255,-1.33151
2.46,1.28121,-1.34078
2.461,1.27987,-1.35005
2.462,1.27851,-1.35931
2.463,1.27715,-1.36856
2.464,1.27577,-1.37782
2.465,1.27439,-1.38706
2.466,1.273,-1.3963
2.467,1.2716,-1.40554
2.468,1.27019,-1.41477
2.469,1.26877,-1.424
2.47,1.26734,-1.43322
2.471,1.2659,-1.44243
2.472,1.26446,-1.45164
2.473,1.263,-1.46085
2.474,1.26153,-1.47005
2.475,1.26006,-1.47924
2.476,1.25858,-1.48843
2.477,1.25708,-1.49762
2.478,1.25558,-1.5068
2.479,1.25407,-1.51597
2.48,1.25255,-1.52514
2.481,1.25102,-1.5343
2.482,1.24948,-1.54346
2.483,1.24793,-1.55261
2.484,1.24638,-1.56175
2.485,1.24481,-1.57089
2.486,1.24323,-1.58002
2.487,1.24165,-1.58915
2.488,1.24006,-1.59827
2.489,1.23845,-1.60739
2.49,1.23684,-1.6165
2.491,1.23522,-1.6256
2.492,1.23359,-1.6347
2.493,1.23195,-1.64379
2.494,1.2303,-1.65287
2.495,1.22864,-1.66195
2.496,1.22698,-1.67102
2.497,1.2253,-1.68009
2.498,1.22362,-1.68915
2.499,1.22192,-1.6982
2.5,1.22022,-1.70725
2.501,1.21851,-1.71629
2.502,1.21679,-1.72532
2.503,1.21506,-1.73434
2.504,1.21332,-1.74336
2.505,1.21157,-1.75238
2.506,1.20982,-1.76138
2.507,1.20805,-1.77038
2.508,1.20627,-1.77937
2.509,1.20449,-1.78835
2.51,1.2027,-1.79733
2.511,1.2009,-1.8063
2.512,1.19909,-1.81526
2.513,1.19727,-1.82422
2.514,1.19544,-1.83316
2.515,1.1936,-1.8421
2.516,1.19175,-1.85104
2.517,1.1899,-1.85996
2.518,1.18803,-1.86888
2.519,1.18616,-1.87779
2.52,1.18428,-1.88669
2.521,1.18239,-1.89558
2.522,1.18049,-1.90447
2.523,1.17858,-1.91335
2.524,1.17666,-1.92222
2.525,1.17473,-1.93108
2.526,1.1728,-1.93993
2.527,1.17085,-1.94878
2.528,1.1689,-1.95761
2.529,1.16694,-1.96644
2.53,1.16497,-1.97526
2.531,1.16299,-1.98407
2.532,1.161,-1.99288
2.533,1.159,-2.00167
2.534,1.15699,-2.01046
2.535,1.15498,-2.01923
2.536,1.15296,-2.028
2.537,1.15092,-2.03676
2.538,1.14888,-2.04551
2.539,1.14683,-2.05425
2.54,1.14477,-2.06298
2.541,1.14271,-2.0717
2.542,1.14063,-2.08041
2.543,1.13855,-2.08912
2.544,1.13645,-2.09781
2.545,1.13435,-2.1065
2.546,1.13224,-2.11517
2.547,1.13012,-2.12384
2.548,1.12799,-2.13249
2.549,1.12586,-2.14114
2.55,1.12371,-2.14977
2.551,1.12156,-2.1584
2.552,1.11939,-2.16702
2.553,1.11722,-2.17562
2.554,1.11504,-2.18422
2.555,1.11285,-2.1928
2.556,1.11066,-2.20138
2.557,1.10845,-2.20994
2.558,1.10624,-2.21849
2.559,1.10401,-2.22704
2.56,1.10178,-2.23557
2.561,1.09954,-2.24409
2.562,1.09729,-2.2526
2.563,1.09504,-2.2611
2.564,1.09277,-2.26959
2.565,1.0905,-2.27807
2.566,1.08822,-2.28654
2.567,1.08593,-2.29499
2.568,1.08363,-2.30344
2.569,1.08132,-2.31187
2.57,1.079,-2.32029
2.571,1.07668,-2.3287
2.572,1.07434,-2.3371
2.573,1.072,-2.34548
2.574,1.06965,-2.35386
2.575,1.0673,-2.36222
2.576,1.06493,-2.37057
2.577,1.06255,-2.37891
2.578,1.06017,-2.38723
2.579,1.05778,-2.39555
2.58,1.05538,-2.40385
2.581,1.05297,-2.41214
2.582,1.05056,-2.42041
2.583,1.04813,-2.42868
2.584,1.0457,-2.43693
2.585,1.04326,-2.44517
2.586,1.04081,-2.45339
2.587,1.03835,-2.46161
2.588,1.03589,-2.4698
2.589,1.03341,-2.47799
2.59,1.03093,-2.48616
2.591,1.02844,-2.49432
2.592,1.02594,-2.50247
2.593,1.02343,-2.5106
2.594,1.02092,-2.51872
2.595,1.0184,-2.52683
2.596,1.01587,-2.53492
2.597,1.01333,-2.54299
2.598,1.01078,-2.55106
2.599,1.00822,-2.55911
2.6,1.00566,-2.56714
2.601,1.00309,-2.57516
2.602,1.00051,-2.58317
2.603,0.997924,-2.59116
2.604,0.995329,-2.59914
2.605,0.992726,-2.6071
2.606,0.990115,-2.61505
2.607,0.987496,-2.62298
2.608,0.984869,-2.6309
2.609,0.982234,-2.6388
2.61,0.979591,-2.64669
2.611,0.976941,-2.65456
2.612,0.974282,-2.66242
2.613,0.971616,-2.67026
2.614,0.968942,-2.67809
2.615,0.96626,-2.6859
2.616,0.96357,-2.6937
2.617,0.960872,-2.70147
2.618,0.958167,-2.70924
2.619,0.955454,-2.71698
2.62,0.952733,-2.72472
2.621,0.950004,-2.73243
2.622,0.947268,-2.74013
2.623,0.944524,-2.74781
2.624,0.941772,-2.75547
2.625,0.939013,-2.76312
2.626,0.936246,-2.77075
2.627,0.933472,-2.77837
2.628,0.930689,-2.78597
2.629,0.9279,-2.79355
2.63,0.925102,-2.80111
2.631,0.922297,-2.80866
2.632,0.919485,-2.81619
2.633,0.916665,-2.8237
2.634,0.913838,-2.83119
2.635,0.911003,-2.83867
2.636,0.90816,-2.84613
2.637,0.90531,-2.85357
2.638,0.902453,-2.86099
2.639,0.899588,-2.86839
2.64,0.896716,-2.87578
2.641,0.893837,-2.88315
2.642,0.89095,-2.8905
2.643,0.888056,-2.89783
2.644,0.885154,-2.90514
2.645,0.882246,-2.91243
2.646,0.87933,-2.91971
2.647,0.876406,-2.92696
2.648,0.873476,-2.9342
2.649,0.870538,-2.94141
2.65,0.867593,-2.94861
2.651,0.864641,-2.95579
2.652,0.861681,-2.96295
2.653,0.858715,-2.97009
2.654,0.855741,-2.97721
2.655,0.85276,-2.98431
2.656,0.849772,-2.99139
2.657,0.846778,-2.99845
2.658,0.843776,-3.00548
2.659,0.840767,-3.0125
2.66,0.837751,-3.0195
2.661,0.834728,-3.02648
2.662,0.831698,-3.03344
2.663,0.828661,-3.04037
2.664,0.825617,-3.04729
2.665,0.822566,-3.05418
2.666,0.819509,-3.06106
2.667,0.816444,-3.06791
2.668,0.813373,-3.07474
2.669,0.810295,-3.08155
2.67,0.80721,-3.08834
2.671,0.804118,-3.09511
2.672,0.801019,-3.10185
2.673,0.797914,-3.10858
2.674,0.794802,-3.11528
2.675,0.791684,-3.12196
2.676,0.788558,-3.12861
2.677,0.785426,-3.13525
2.678,0.782288,-3.14186
2.679,0.779143,-3.14845
2.68,0.775991,-3.15502
2.681,0.772833,-3.16156
2.682,0.769668,-3.16808
2.683,0.766497,-3.17458
2.684,0.763319,-3.18106
2.685,0.760134,-3.18751
2.686,0.756944,-3.19394
2.687,0.753747,-3.20034
2.688,0.750543,-3.20672
2.689,0.747333,-3.21308
2.69,0.744117,-3.21942
2.691,0.740894,-3.22573
2.692,0.737665,-3.23201
2.693,0.73443,-3.23828
2.694,0.731189,-3.24451
2.695,0.727941,-3.25073
2.696,0.724687,-3.25692
2.697,0.721427,-3.26308
2.698,0.718161,-3.26922
2.699,0.714889,-3.27534
2.7,0.711611,-3.28143
2.701,0.708326,-3.2875
2.702,0.705036,-3.29354
2.703,0.701739,-3.29955
2.704,0.698437,-3.30554
2.705,0.695128,-3.31151
2.706,0.691814,-3.31745
2.707,0.688493,-3.32336
2.708,0.685167,-3.32925
2.709,0.681835,-3.33511
2.71,0.678497,-3.34095
2.711,0.675153,-3.34676
2.712,0.671803,-3.35254
2.713,0.668448,-3.3583
2.714,0.665087,-3.36403
2.715,0.66172,-3.36973
2.716,0.658347,-3.37541
2.717,0.654969,-3.38106
2.718,0.651585,-3.38668
2.719,0.648195,-3.39228
2.72,0.6448,-3.39785
2.721,0.6414,-3.40339
2.722,0.637994,-3.40891
2.723,0.634582,-3.4144
2.724,0.631165,-3.41986
2.725,0.627742,-3.42529
2.726,0.624314,-3.4307
2.727,0.620881,-3.43607
2.728,0.617442,-3.44142
2.729,0.613998,-3.44674
2.73,0.610549,-3.45204
2.731,0.607094,-3.4573
2.732,0.603634,-3.46254
2.733,0.600169,-3.46775
2.734,0.596699,-3.47293
2.735,0.593223,-3.47808
2.736,0.589742,-3.4832
2.737,0.586257,-3.48829
2.738,0.582766,-3.49336
2.739,0.57927,-3.49839
2.74,0.575769,-3.5034
2.741,0.572263,-3.50837
2.742,0.568752,-3.51332
2.743,0.565237,-3.51824
2.744,0.561716,-3.52312
2.745,0.55819,-3.52798
2.746,0.55466,-3.53281
2.747,0.551125,-3.53761
2.748,0.547585,-3.54238
2.749,0.54404,-3.54712
2.75,0.540491,-3.55182
2.751,0.536936,-3.5565
2.752,0.533378,-3.56115
2.753,0.529814,-3.56576
2.754,0.526246,-3.57035
2.755,0.522673,-3.5749
2.756,0.519096,-3.57943
2.757,0.515515,-3.58392
2.758,0.511928,-3.58838
2.759,0.508338,-3.59282
2.76,0.504743,-3.59722
2.761,0.501143,-3.60158
2.762,0.49754,-3.60592
2.763,0.493932,-3.61023
2.764,0.490319,-3.6145
2.765,0.486703,-3.61874
2.766,0.483082,-3.62295
2.767,0.479457,-3.62713
2.768,0.475827,-3.63128
2.769,0.472194,-3.63539
2.77,0.468557,-3.63948
2.771,0.464915,-3.64353
2.772,0.46127,-3.64754
2.773,0.45762,-3.65153
2.774,0.453967,-3.65548
2.775,0.450309,-3.6594
2.776,0.446648,-3.66329
2.777,0.442983,-3.66714
2.778,0.439313,-3.67097
2.779,0.435641,-3.67475
2.78,0.431964,-3.67851
2.781,0.428284,-3.68223
2.782,0.4246,-3.68592
2.783,0.420912,-3.68958
2.784,0.41722,-3.6932
2.785,0.413525,-3.69679
2.786,0.409827,-3.70035
2.787,0.406125,-3.70387
2.788,0.402419,-3.70736
2.789,0.39871,-3.71081
2.79,0.394997,-3.71423
2.791,0.391282,-3.71762
2.792,0.387562,-3.72097
2.793,0.38384,-3.72429
2.794,0.380114,-3.72757
2.795,0.376385,-3.73082
2.796,0.372652,-3.73404
2.797,0.368916,-3.73722
2.798,0.365178,-3.74036
2.799,0.361436,-3.74348
2.8,0.357691,-3.74655
2.801,0.353943,-3.7496
2.802,0.350192,-3.7526
2.803,0.346437,-3.75558
2.804,0.34268,-3.75851
2.805,0.33892,-3.76142
2.806,0.335158,-3.76429
2.807,0.331392,-3.76712
2.808,0.327623,-3.76992
2.809,0.323852,-3.77268
2.81,0.320078,-3.7754
2.811,0.316301,-3.7781
2.812,0.312522,-3.78075
2.813,0.30874,-3.78337
2.814,0.304955,-3.78596
2.815,0.301168,-3.78851
2.816,0.297378,-3.79102
2.817,0.293586,-3.7935
2.818,0.289791,-3.79594
2.819,0.285994,-3.79834
2.82,0.282194,-3.80071
2.821,0.278393,-3.80305
2.822,0.274588,-3.80534
2.823,0.270782,-3.80761
2.824,0.266973,-3.80983
2.825,0.263162,-3.81202
2.826,0.259349,-3.81417
2.827,0.255534,-3.81629
2.828,0.251717,-3.81837
2.829,0.247897,-3.82041
2.83,0.244076,-3.82242
2.831,0.240252,-3.82439
2.832,0.236427,-3.82632
2.833,0.2326,-3.82822
2.834,0.228771,-3.83008
2.835,0.22494,-3.8319
2.836,0.221107,-3.83369
2.837,0.217272,-3.83544
2.838,0.213436,-3.83715
2.839,0.209598,-3.83883
2.84,0.205758,-3.84047
2.841,0.201917,-3.84207
2.842,0.198074,-3.84363
2.843,0.19423,-3.84516
2.844,0.190384,-3.84665
2.845,0.186536,-3.8481
2.846,0.182688,-3.84952
2.847,0.178837,-3.8509
2.848,0.174986,-3.85224
2.849,0.171133,-3.85354
2.85,0.167279,-3.85481
2.851,0.163423,-3.85604
2.852,0.159567,-3.85723
2.853,0.155709,-3.85838
2.854,0.15185,-3.8595
2.855,0.14799,-3.86058
2.856,0.144129,-3.86162
2.857,0.140267,-3.86263
2.858,0.136404,-3.86359
2.859,0.13254,-3.86452
2.86,0.128675,-3.86541
2.861,0.124809,-3.86627
2.862,0.120942,-3.86708
2.863,0.117075,-3.86786
2.864,0.113206,-3.8686
2.865,0.109337,-3.8693
2.866,0.105468,-3.86997
2.867,0.101597,-3.87059
2.868,0.0977265,-3.87118
2.869,0.0938551,-3.87173
2.87,0.0899831,-3.87225
2.871,0.0861106,-3.87272
2.872,0.0822377,-3.87316
2.873,0.0783643,-3.87356
2.874,0.0744905,-3.87392
2.875,0.0706165,-3.87424
2.876,0.0667421,-3.87453
2.877,0.0628674,-3.87478
2.878,0.0589925,-3.87499
2.879,0.0551174,-3.87516
2.88,0.0512422,-3.87529
2.881,0.0473669,-3.87539
2.882,0.0434915,-3.87545
2.883,0.039616,-3.87547
2.884,0.0357405,-3.87545
2.885,0.0318651,-3.87539
2.886,0.0279898,-3.8753
2.887,0.0241145,-3.87517
2.888,0.0202394,-3.875
2.889,0.0163645,-3.87479
2.89,0.0124899,-3.87454
2.891,0.00861546,-3.87426
2.892,0.00474135,-3.87394
2.893,0.000867593,-3.87358
2.894,-0.00300579,-3.87318
2.895,-0.00687876,-3.87274
2.896,-0.0107513,-3.87227
2.897,-0.0146233,-3.87176
2.898,-0.0184948,-3.87121
2.899,-0.0223657,-3.87062
2.9,-0.026236,-3.87
2.901,-0.0301057,-3.86933
2.902,-0.0339747,-3.86863
2.903,-0.0378429,-3.86789
2.904,-0.0417104,-3.86712
2.905,-0.0455771,-3.8663
2.906,-0.049443,-3.86545
2.907,-0.053308,-3.86456
2.908,-0.0571721,-3.86363
2.909,-0.0610353,-3.86267
2.91,-0.0648974,-3.86166
2.911,-0.0687586,-3.86062
2.912,-0.0726187,-3.85954
2.913,-0.0764777,-3.85843
2.914,-0.0803355,-3.85727
2.915,-0.0841922,-3.85608
2.916,-0.0880477,-3.85485
2.917,-0.0919019,-3.85358
2.918,-0.0957548,-3.85228
2.919,-0.0996064,-3.85094
2.92,-0.103457,-3.84956
2.921,-0.107306,-3.84814
2.922,-0.111153,-3.84669
2.923,-0.114999,-3.84519
2.924,-0.118843,-3.84367
2.925,-0.122686,-3.8421
2.926,-0.126528,-3.8405
2.927,-0.130367,-3.83886
2.928,-0.134205,-3.83718
2.929,-0.138042,-3.83546
2.93,-0.141876,-3.83371
2.931,-0.145709,-3.83192
2.932,-0.14954,-3.8301
2.933,-0.153369,-3.82823
2.934,-0.157196,-3.82633
2.935,-0.161022,-3.8244
2.936,-0.164845,-3.82242
2.937,-0.168667,-3.82041
2.938,-0.172486,-3.81837
2.939,-0.176303,-3.81628
2.94,-0.180119,-3.81416
2.941,-0.183932,-3.812
2.942,-0.187743,-3.80981
2.943,-0.191551,-3.80758
2.944,-0.195358,-3.80531
2.945,-0.199162,-3.80301
2.946,-0.202964,-3.80067
2.947,-0.206763,-3.7983
2.948,-0.21056,-3.79588
2.949,-0.214355,-3.79344
2.95,-0.218147,-3.79095
2.951,-0.221937,-3.78843
2.952,-0.225724,-3.78587
2.953,-0.229509,-3.78328
2.954,-0.233291,-3.78065
2.955,-0.23707,-3.77799
2.956,-0.240847,-3.77529
2.957,-0.24462,-3.77256
2.958,-0.248392,-3.76979
2.959,-0.25216,-3.76698
2.96,-0.255926,-3.76414
2.961,-0.259688,-3.76126
2.962,-0.263448,-3.75835
2.963,-0.267205,-3.7554
2.964,-0.270959,-3.75241
2.965,-0.27471,-3.7494
2.966,-0.278458,-3.74634
2.967,-0.282202,-3.74325
2.968,-0.285944,-3.74013
2.969,-0.289683,-3.73697
2.97,-0.293418,-3.73378
2.971,-0.29715,-3.73055
2.972,-0.300879,-3.72729
2.973,-0.304605,-3.72399
2.974,-0.308327,-3.72066
2.975,-0.312046,-3.71729
2.976,-0.315762,-3.71389
2.977,-0.319474,-3.71046
2.978,-0.323183,-3.70699
2.979,-0.326888,-3.70348
2.98,-0.33059,-3.69995
2.981,-0.334288,-3.69638
2.982,-0.337982,-3.69277
2.983,-0.341673,-3.68913
2.984,-0.345361,-3.68546
2.985,-0.349044,-3.68175
2.986,-0.352724,-3.67801
2.987,-0.3564,-3.67424
2.988,-0.360073,-3.67043
2.989,-0.363741,-3.66659
2.99,-0.367406,-3.66272
2.991,-0.371066,-3.65881
2.992,-0.374723,-3.65487
2.993,-0.378376,-3.6509
2.994,-0.382025,-3.64689
2.995,-0.38567,-3.64286
2.996,-0.389311,-3.63879
2.997,-0.392948,-3.63468
2.998,-0.39658,-3.63055
2.999,-0.400209,-3.62638
3,-0.403833,-3.62218
3.001,-0.407453,-3.61794
3.002,-0.411069,-3.61368
3.003,-0.41468,-3.60938
3.004,-0.418288,-3.60505
3.005,-0.42189,-3.60069
3.006,-0.425489,-3.5963
3.007,-0.429083,-3.59187
3.008,-0.432673,-3.58742
3.009,-0.436258,-3.58293
3.01,-0.439838,-3.57841
3.011,-0.443415,-3.57386
3.012,-0.446986,-3.56928
3.013,-0.450553,-3.56466
3.014,-0.454115,-3.56002
3.015,-0.457673,-3.55535
3.016,-0.461226,-3.55064
3.017,-0.464774,-3.5459
3.018,-0.468318,-3.54114
3.019,-0.471857,-3.53634
3.02,-0.475391,-3.53151
3.021,-0.47892,-3.52665
3.022,-0.482444,-3.52176
3.023,-0.485963,-3.51685
3.024,-0.489478,-3.5119
3.025,-0.492987,-3.50692
3.026,-0.496491,-3.50191
3.027,-0.499991,-3.49687
3.028,-0.503485,-3.49181
3.029,-0.506974,-3.48671
3.03,-0.510459,-3.48158
3.031,-0.513938,-3.47643
3.032,-0.517411,-3.47124
3.033,-0.52088,-3.46603
3.034,-0.524343,-3.46078
3.035,-0.527802,-3.45551
3.036,-0.531254,-3.45021
3.037,-0.534702,-3.44488
3.038,-0.538144,-3.43952
3.039,-0.541581,-3.43414
3.04,-0.545013,-3.42872
3.041,-0.548439,-3.42328
3.042,-0.551859,-3.41781
3.043,-0.555274,-3.41231
3.044,-0.558684,-3.40678
3.045,-0.562088,-3.40123
3.046,-0.565486,-3.39565
3.047,-0.568879,-3.39004
3.048,-0.572266,-3.3844
3.049,-0.575648,-3.37874
3.05,-0.579024,-3.37304
3.051,-0.582394,-3.36733
3.052,-0.585758,-3.36158
3.053,-0.589117,-3.35581
3.054,-0.59247,-3.35001
3.055,-0.595817,-3.34418
3.056,-0.599158,-3.33833
3.057,-0.602494,-3.33245
3.058,-0.605823,-3.32654
3.059,-0.609147,-3.32061
3.06,-0.612464,-3.31465
3.061,-0.615776,-3.30867
3.062,-0.619082,-3.30266
3.063,-0.622381,-3.29662
3.064,-0.625675,-3.29056
3.065,-0.628962,-3.28447
3.066,-0.632244,-3.27836
3.067,-0.635519,-3.27222
3.068,-0.638788,-3.26606
3.069,-0.642051,-3.25987
3.07,-0.645308,-3.25366
3.071,-0.648559,-3.24742
3.072,-0.651803,-3.24116
3.073,-0.655041,-3.23487
3.074,-0.658273,-3.22856
3.075,-0.661498,-3.22222
3.076,-0.664717,-3.21586
3.077,-0.66793,-3.20948
3.078,-0.671136,-3.20307
3.079,-0.674336,-3.19664
3.08,-0.677529,-3.19018
3.081,-0.680716,-3.1837
3.082,-0.683897,-3.1772
3.083,-0.687071,-3.17067
3.084,-0.690238,-3.16412
3.085,-0.693399,-3.15754
3.086,-0.696553,-3.15095
3.087,-0.699701,-3.14432
3.088,-0.702842,-3.13768
3.089,-0.705976,-3.13102
3.09,-0.709104,-3.12433
3.091,-0.712225,-3.11761
3.092,-0.715339,-3.11088
3.093,-0.718446,-3.10412
3.094,-0.721547,-3.09735
3.095,-0.724641,-3.09054
3.096,-0.727728,-3.08372
3.097,-0.730809,-3.07688
3.098,-0.733882,-3.07001
3.099,-0.736949,-3.06312
3.1,-0.740008,-3.05621
3.101,-0.743061,-3.04928
3.102,-0.746107,-3.04233
3.103,-0.749146,-3.03536
3.104,-0.752178,-3.02836
3.105,-0.755202,-3.02135
3.106,-0.75822,-3.01431
3.107,-0.761231,-3.00725
3.108,-0.764235,-3.00017
3.109,-0.767231,-2.99307
3.11,-0.770221,-2.98596
3.111,-0.773203,-2.97882
3.112,-0.776178,-2.97166
3.113,-0.779147,-2.96448
3.114,-0.782107,-2.95728
3.115,-0.785061,-2.95006
3.116,-0.788008,-2.94282
3.117,-0.790947,-2.93556
3.118,-0.793879,-2.92828
3.119,-0.796803,-2.92098
3.12,-0.799721,-2.91367
3.121,-0.802631,-2.90633
3.122,-0.805533,-2.89897
3.123,-0.808429,-2.8916
3.124,-0.811316,-2.88421
3.125,-0.814197,-2.8768
3.126,-0.81707,-2.86936
3.127,-0.819936,-2.86192
3.128,-0.822794,-2.85445
3.129,-0.825645,-2.84696
3.13,-0.828488,-2.83946
3.131,-0.831323,-2.83194
3.132,-0.834152,-2.8244
3.133,-0.836972,-2.81684
3.134,-0.839785,-2.80926
3.135,-0.842591,-2.80167
3.136,-0.845389,-2.79406
3.137,-0.848179,-2.78643
3.138,-0.850961,-2.77878
3.139,-0.853736,-2.77112
3.14,-0.856504,-2.76344
3.141,-0.859263,-2.75575
3.142,-0.862015,-2.74803
3.143,-0.864759,-2.7403
3.144,-0.867496,-2.73255
3.145,-0.870224,-2.72479
3.146,-0.872945,-2.71701
3.147,-0.875659,-2.70921
3.148,-0.878364,-2.7014
3.149,-0.881061,-2.69357
3.15,-0.883751,-2.68573
3.151,-0.886433,-2.67787
3.152,-0.889107,-2.66999
3.153,-0.891773,-2.6621
3.154,-0.894431,-2.65419
3.155,-0.897081,-2.64627
3.156,-0.899723,-2.63833
3.157,-0.902358,-2.63037
3.158,-0.904984,-2.6224
3.159,-0.907603,-2.61442
3.16,-0.910213,-2.60642
3.161,-0.912815,-2.5984
3.162,-0.91541,-2.59038
3.163,-0.917996,-2.58233
3.164,-0.920574,-2.57427
3.165,-0.923145,-2.5662
3.166,-0.925707,-2.55811
3.167,-0.928261,-2.55001
3.168,-0.930807,-2.5419
3.169,-0.933345,-2.53377
3.17,-0.935874,-2.52562
3.171,-0.938396,-2.51746
3.172,-0.940909,-2.50929
3.173,-0.943414,-2.50111
3.174,-0.945912,-2.49291
3.175,-0.9484,-2.4847
3.176,-0.950881,-2.47647
3.177,-0.953353,-2.46823
3.178,-0.955817,-2.45998
3.179,-0.958273,-2.45171
3.18,-0.960721,-2.44344
3.181,-0.96316,-2.43515
3.182,-0.965591,-2.42684
3.183,-0.968014,-2.41852
3.184,-0.970428,-2.4102
3.185,-0.972834,-2.40185
3.186,-0.975232,-2.3935
3.187,-0.977621,-2.38513
3.188,-0.980002,-2.37675
3.189,-0.982375,-2.36836
3.19,-0.984739,-2.35996
3.191,-0.987095,-2.35155
3.192,-0.989442,-2.34312
3.193,-0.991781,-2.33468
3.194,-0.994111,-2.32623
3.195,-0.996433,-2.31777
3.196,-0.998747,-2.30929
3.197,-1.00105,-2.30081
3.198,-1.00335,-2.29231
3.199,-1.00564,-2.28381
3.2,-1.00792,-2.27529
3.201,-1.01019,-2.26676
3.202,-1.01245,-2.25822
3.203,-1.0147,-2.24967
3.204,-1.01695,-2.2411
3.205,-1.01919,-2.23253
3.206,-1.02141,-2.22395
3.207,-1.02363,-2.21535
3.208,-1.02584,-2.20675
3.209,-1.02805,-2.19813
3.21,-1.03024,-2.18951
3.211,-1.03243,-2.18087
3.212,-1.0346,-2.17223
3.213,-1.03677,-2.16357
3.214,-1.03893,-2.15491
3.215,-1.04108,-2.14623
3.216,-1.04322,-2.13755
3.217,-1.04536,-2.12885
3.218,-1.04748,-2.12015
3.219,-1.0496,-2.11143
3.22,-1.0517,-2.10271
3.221,-1.0538,-2.09398
3.222,-1.05589,-2.08524
3.223,-1.05797,-2.07648
3.224,-1.06004,-2.06772
3.225,-1.06211,-2.05896
3.226,-1.06416,-2.05018
3.227,-1.06621,-2.04139
3.228,-1.06824,-2.03259
3.229,-1.07027,-2.02379
3.23,-1.07229,-2.01498
3.231,-1.0743,-2.00615
3.232,-1.0763,-1.99732
3.233,-1.0783,-1.98849
3.234,-1.08028,-1.97964
3.235,-1.08226,-1.97078
3.236,-1.08422,-1.96192
3.237,-1.08618,-1.95305
3.238,-1.08813,-1.94417
3.239,-1.09007,-1.93528
3.24,-1.092,-1.92638
3.241,-1.09392,-1.91748
3.242,-1.09583,-1.90857
3.243,-1.09774,-1.89965
3.244,-1.09963,-1.89072
3.245,-1.10152,-1.88179
3.246,-1.1034,-1.87285
3.247,-1.10527,-1.8639
3.248,-1.10713,-1.85494
3.249,-1.10898,-1.84598
3.25,-1.11082,-1.83701
3.251,-1.11265,-1.82803
3.252,-1.11447,-1.81905
3.253,-1.11629,-1.81006
3.254,-1.11809,-1.80106
3.255,-1.11989,-1.79205
3.256,-1.12168,-1.78304
3.257,-1.12346,-1.77402
3.258,-1.12523,-1.765
3.259,-1.12699,-1.75596
3.26,-1.12874,-1.74693
3.261,-1.13048,-1.73788
3.262,-1.13221,-1.72883
3.263,-1.13394,-1.71977
3.264,-1.13565,-1.71071
3.265,-1.13736,-1.70164
3.266,-1.13906,-1.69256
3.267,-1.14074,-1.68348
3.268,-1.14242,-1.67439
3.269,-1.14409,-1.6653
3.27,-1.14575,-1.6562
3.271,-1.14741,-1.64709
3.272,-1.14905,-1.63798
3.273,-1.15068,-1.62886
3.274,-1.15231,-1.61974
3.275,-1.15392,-1.61061
3.276,-1.15553,-1.60148
3.277,-1.15712,-1.59234
3.278,-1.15871,-1.5832
3.279,-1.16029,-1.57405
3.28,-1.16186,-1.56489
3.281,-1.16342,-1.55573
3.282,-1.16497,-1.54657
3.283,-1.16651,-1.5374
3.284,-1.16805,-1.52822
3.285,-1.16957,-1.51904
3.286,-1.17108,-1.50986
3.287,-1.17259,-1.50067
3.288,-1.17408,-1.49147
3.289,-1.17557,-1.48227
3.29,-1.17705,-1.47307
3.291,-1.17852,-1.46386
3.292,-1.17998,-1.45464
3.293,-1.18143,-1.44543
3.294,-1.18287,-1.4362
3.295,-1.1843,-1.42698
3.296,-1.18572,-1.41775
3.297,-1.18714,-1.40851
3.298,-1.18854,-1.39927
3.299,-1.18993,-1.39003
3.3,-1.19132,-1.38078
3.301,-1.1927,-1.37153
3.302,-1.19406,-1.36227
3.303,-1.19542,-1.35301
3.304,-1.19677,-1.34374
3.305,-1.19811,-1.33448
3.306,-1.19944,-1.3252
3.307,-1.20076,-1.31593
3.308,-1.20207,-1.30665
3.309,-1.20337,-1.29737
3.31,-1.20466,-1.28808
3.311,-1.20595,-1.27879
3.312,-1.20722,-1.2695
3.313,-1.20849,-1.2602
3.314,-1.20974,-1.2509
3.315,-1.21099,-1.24159
3.316,-1.21222,-1.23229
3.317,-1.21345,-1.22297
3.318,-1.21467,-1.21366
3.319,-1.21588,-1.20434
3.32,-1.21708,-1.19502
3.321,-1.21827,-1.1857
3.322,-1.21945,-1.17637
3.323,-1.22062,-1.16704
3.324,-1.22178,-1.15771
3.325,-1.22294,-1.14837
3.326,-1.22408,-1.13903
3.327,-1.22522,-1.12969
3.328,-1.22634,-1.12035
3.329,-1.22746,-1.111
3.33,-1.22856,-1.10165
3.331,-1.22966,-1.0923
3.332,-1.23075,-1.08294
3.333,-1.23183,-1.07359
3.334,-1.23289,-1.06423
3.335,-1.23395,-1.05486
3.336,-1.235,-1.0455
3.337,-1.23605,-1.03613
3.338,-1.23708,-1.02676
3.339,-1.2381,-1.01739
3.34,-1.23911,-1.00801
3.341,-1.24011,-0.998634
3.342,-1.24111,-0.989254
3.343,-1.24209,-0.979873
3.344,-1.24307,-0.970489
3.345,-1.24403,-0.961103
3.346,-1.24499,-0.951715
3.347,-1.24594,-0.942324
3.348,-1.24688,-0.932932
3.349,-1.2478,-0.923538
3.35,-1.24872,-0.914142
3.351,-1.24963,-0.904744
3.352,-1.25053,-0.895344
3.353,-1.25142,-0.885943
3.354,-1.2523,-0.876539
3.355,-1.25318,-0.867134
3.356,-1.25404,-0.857727
3.357,-1.25489,-0.848319
3.358,-1.25573,-0.838909
3.359,-1.25657,-0.829497
3.36,-1.25739,-0.820083
3.361,-1.25821,-0.810668
3.362,-1.25902,-0.801252
3.363,-1.25981,-0.791834
3.364,-1.2606,-0.782415
3.365,-1.26138,-0.772994
3.366,-1.26214,-0.763572
3.367,-1.2629,-0.754149
3.368,-1.26365,-0.744724
3.369,-1.26439,-0.735298
3.37,-1.26512,-0.725871
3.371,-1.26584,-0.716442
3.372,-1.26656,-0.707013
3.373,-1.26726,-0.697582
3.374,-1.26795,-0.68815
3.375,-1.26864,-0.678717
3.376,-1.26931,-0.669283
3.377,-1.26997,-0.659848
3.378,-1.27063,-0.650412
3.379,-1.27127,-0.640975
3.38,-1.27191,-0.631538
3.381,-1.27254,-0.622099
3.382,-1.27316,-0.612659
3.383,-1.27376,-0.603219
3.384,-1.27436,-0.593778
3.385,-1.27495,-0.584336
3.386,-1.27553,-0.574893
3.387,-1.2761,-0.56545
3.388,-1.27666,-0.556006
3.389,-1.27721,-0.546562
3.39,-1.27775,-0.537116
3.391,-1.27829,-0.527671
3.392,-1.27881,-0.518224
3.393,-1.27932,-0.508777
3.394,-1.27983,-0.49933
3.395,-1.28032,-0.489882
3.396,-1.28081,-0.480434
3.397,-1.28128,-0.470985
3.398,-1.28175,-0.461536
3.399,-1.28221,-0.452087
3.4,-1.28265,-0.442637
3.401,-1.28309,-0.433187
3.402,-1.28352,-0.423737
3.403,-1.28394,-0.414287
3.404,-1.28435,-0.404836
3.405,-1.28475,-0.395385
3.406,-1.28514,-0.385934
3.407,-1.28552,-0.376483
3.408,-1.28589,-0.367032
3.409,-1.28625,-0.35758
3.41,-1.28661,-0.348129
3.411,-1.28695,-0.338678
3.412,-1.28728,-0.329227
3.413,-1.28761,-0.319775
3.414,-1.28792,-0.310324
3.415,-1.28823,-0.300873
3.416,-1.28853,-0.291422
3.417,-1.28881,-0.281971
3.418,-1.28909,-0.27252
3.419,-1.28936,-0.26307
3.42,-1.28962,-0.25362
3.421,-1.28986,-0.24417
3.422,-1.2901,-0.23472
3.423,-1.29033,-0.225271
3.424,-1.29055,-0.215822
3.425,-1.29077,-0.206373
3.426,-1.29097,-0.196925
3.427,-1.29116,-0.187477
3.428,-1.29134,-0.178029
3.429,-1.29152,-0.168582
3.43,-1.29168,-0.159136
3.431,-1.29183,-0.14969
3.432,-1.29198,-0.140244
3.433,-1.29211,-0.130799
3.434,-1.29224,-0.121355
3.435,-1.29236,-0.111911
3.436,-1.29246,-0.102468
3.437,-1.29256,-0.0930261
3.438,-1.29265,-0.0835844
3.439,-1.29273,-0.0741434
3.44,-1.2928,-0.0647032
3.441,-1.29286,-0.0552638
3.442,-1.29291,-0.0458251
3.443,-1.29295,-0.0363873
3.444,-1.29298,-0.0269503
3.445,-1.293,-0.0175142
3.446,-1.29302,-0.00807898
3.447,-1.29302,0.00135532
3.448,-1.29301,0.0107887
3.449,-1.293,0.020221
3.45,-1.29297,0.0296524
3.451,-1.29294,0.0390828
3.452,-1.2929,0.0485121
3.453,-1.29284,0.0579403
3.454,-1.29278,0.0673674
3.455,-1.29271,0.0767934
3.456,-1.29263,0.0862183
3.457,-1.29254,0.095642
3.458,-1.29243,0.105064
3.459,-1.29232,0.114486
3.46,-1.29221,0.123906
3.461,-1.29208,0.133324
3.462,-1.29194,0.142742
3.463,-1.29179,0.152158
3.464,-1.29163,0.161573
3.465,-1.29147,0.170986
3.466,-1.29129,0.180398
3.467,-1.29111,0.189809
3.468,-1.29091,0.199218
3.469,-1.29071,0.208625
3.47,-1.2905,0.218031
3.471,-1.29027,0.227436
3.472,-1.29004,0.236839
3.473,-1.2898,0.24624
3.474,-1.28955,0.25564
3.475,-1.28929,0.265038
3.476,-1.28902,0.274435
3.477,-1.28874,0.28383
3.478,-1.28845,0.293223
3.479,-1.28815,0.302614
3.48,-1.28785,0.312004
3.481,-1.28753,0.321392
3.482,-1.2872,0.330778
3.483,-1.28687,0.340162
3.484,-1.28652,0.349544
3.485,-1.28617,0.358924
3.486,-1.2858,0.368303
3.487,-1.28543,0.377679
3.488,-1.28505,0.387054
3.489,-1.28466,0.396426
3.49,-1.28426,0.405797
3.491,-1.28385,0.415165
3.492,-1.28343,0.424532
3.493,-1.283,0.433896
3.494,-1.28256,0.443258
3.495,-1.28211,0.452618
3.496,-1.28165,0.461975
3.497,-1.28119,0.471331
3.498,-1.28071,0.480684
3.499,-1.28023,0.490035
3.5,-1.27973,0.499384
3.501,-1.27923,0.50873
3.502,-1.27871,0.518074
3.503,-1.27819,0.527415
3.504,-1.27766,0.536754
3.505,-1.27712,0.546091
3.506,-1.27657,0.555425
3.507,-1.27601,0.564757
3.508,-1.27544,0.574086
3.509,-1.27486,0.583412
3.51,-1.27427,0.592736
3.511,-1.27367,0.602057
3.512,-1.27307,0.611376
3.513,-1.27245,0.620692
3.514,-1.27182,0.630005
3.515,-1.27119,0.639316
3.516,-1.27055,0.648623
3.517,-1.26989,0.657928
3.518,-1.26923,0.66723
3.519,-1.26856,0.676529
3.52,-1.26788,0.685825
3.521,-1.26719,0.695119
3.522,-1.26649,0.704409
3.523,-1.26578,0.713696
3.524,-1.26506,0.722981
3.525,-1.26433,0.732262
3.526,-1.26359,0.74154
3.527,-1.26285,0.750815
3.528,-1.26209,0.760087
3.529,-1.26133,0.769356
3.53,-1.26055,0.778621
3.531,-1.25977,0.787883
3.532,-1.25898,0.797142
3.533,-1.25818,0.806398
3.534,-1.25737,0.81565
3.535,-1.25655,0.824899
3.536,-1.25572,0.834144
3.537,-1.25488,0.843386
3.538,-1.25403,0.852624
3.539,-1.25317,0.861859
3.54,-1.25231,0.871091
3.541,-1.25143,0.880318
3.542,-1.25054,0.889542
3.543,-1.24965,0.898763
3.544,-1.24875,0.90798
3.545,-1.24783,0.917192
3.546,-1.24691,0.926402
3.547,-1.24598,0.935607
3.548,-1.24504,0.944809
3.549,-1.24409,0.954006
3.55,-1.24313,0.9632
3.551,-1.24217,0.97239
3.552,-1.24119,0.981576
3.553,-1.2402,0.990757
3.554,-1.23921,0.999935
3.555,-1.2382,1.00911
3.556,-1.23719,1.01828
3.557,-1.23617,1.02744
3.558,-1.23513,1.0366
3.559,-1.23409,1.04576
3.56,-1.23304,1.05491
3.561,-1.23198,1.06406
3.562,-1.23091,1.07321
3.563,-1.22984,1.08234
3.564,-1.22875,1.09148
3.565,-1.22765,1.10061
3.566,-1.22655,1.10974
3.567,-1.22543,1.11886
3.568,-1.22431,1.12797
3.569,-1.22318,1.13708
3.57,-1.22204,1.14619
3.571,-1.22089,1.15529
3.572,-1.21973,1.16439
3.573,-1.21856,1.17348
3.574,-1.21738,1.18257
3.575,-1.21619,1.19166
3.576,-1.215,1.20073
3.577,-1.21379,1.20981
3.578,-1.21258,1.21887
3.579,-1.21135,1.22794
3.58,-1.21012,1.237
3.581,-1.20888,1.24605
3.582,-1.20763,1.25509
3.583,-1.20637,1.26414
3.584,-1.2051,1.27317
3.585,-1.20382,1.2822
3.586,-1.20254,1.29123
3.587,-1.20124,1.30025
3.588,-1.19993,1.30927
3.589,-1.19862,1.31828
3.59,-1.1973,1.32728
3.591,-1.19597,1.33628
3.592,-1.19463,1.34527
3.593,-1.19328,1.35426
3.594,-1.19192,1.36324
3.595,-1.19055,1.37221
3.596,-1.18917,1.38118
3.597,-1.18779,1.39014
3.598,-1.18639,1.3991
3.599,-1.18499,1.40805
3.6,-1.18358,1.417
3.601,-1.18216,1.42594
3.602,-1.18072,1.43487
3.603,-1.17929,1.4438
3.604,-1.17784,1.45272
3.605,-1.17638,1.46163
3.606,-1.17491,1.47054
3.607,-1.17344,1.47944
3.608,-1.17195,1.48833
3.609,-1.17046,1.49722
3.61,-1.16896,1.5061
3.611,-1.16745,1.51498
3.612,-1.16593,1.52384
3.613,-1.1644,1.53271
3.614,-1.16287,1.54156
3.615,-1.16132,1.55041
3.616,-1.15976,1.55925
3.617,-1.1582,1.56808
3.618,-1.15663,1.57691
3.619,-1.15505,1.58573
3.62,-1.15346,1.59454
3.621,-1.15186,1.60334
3.622,-1.15025,1.61214
3.623,-1.14863,1.62093
3.624,-1.14701,1.62972
3.625,-1.14537,1.63849
3.626,-1.14373,1.64726
3.627,-1.14208,1.65602
3.628,-1.14042,1.66477
3.629,-1.13875,1.67352
3.63,-1.13707,1.68225
3.631,-1.13539,1.69098
3.632,-1.13369,1.69971
3.633,-1.13199,1.70842
3.634,-1.13027,1.71712
3.635,-1.12855,1.72582
3.636,-1.12682,1.73451
3.637,-1.12508,1.74319
3.638,-1.12334,1.75187
3.639,-1.12158,1.76053
3.64,-1.11981,1.76919
3.641,-1.11804,1.77784
3.642,-1.11626,1.78648
3.643,-1.11447,1.79511
3.644,-1.11267,1.80373
3.645,-1.11086,1.81234
3.646,-1.10904,1.82095
3.647,-1.10722,1.82954
3.648,-1.10538,1.83813
3.649,-1.10354,1.84671
3.65,-1.10169,1.85528
3.651,-1.09983,1.86384
3.652,-1.09796,1.87239
3.653,-1.09609,1.88093
3.654,-1.0942,1.88946
3.655,-1.09231,1.89799
3.656,-1.09041,1.9065
3.657,-1.08849,1.91501
3.658,-1.08658,1.9235
3.659,-1.08465,1.93198
3.66,-1.08271,1.94046
3.661,-1.08077,1.94893
3.662,-1.07881,1.95738
3.663,-1.07685,1.96583
3.664,-1.07488,1.97426
3.665,-1.0729,1.98269
3.666,-1.07092,1.9911
3.667,-1.06892,1.99951
3.668,-1.06692,2.00791
3.669,-1.06491,2.01629
3.67,-1.06289,2.02466
3.671,-1.06086,2.03303
3.672,-1.05882,2.04138
3.673,-1.05677,2.04972
3.674,-1.05472,2.05806
3.675,-1.05266,2.06638
3.676,-1.05059,2.07469
3.677,-1.04851,2.08299
3.678,-1.04642,2.09128
3.679,-1.04433,2.09955
3.68,-1.04222,2.10782
3.681,-1.04011,2.11607
3.682,-1.03799,2.12432
3.683,-1.03586,2.13255
3.684,-1.03372,2.14077
3.685,-1.03158,2.14898
3.686,-1.02943,2.15718
3.687,-1.02727,2.16536
3.688,-1.0251,2.17353
3.689,-1.02292,2.1817
3.69,-1.02073,2.18985
3.691,-1.01854,2.19798
3.692,-1.01634,2.20611
3.693,-1.01413,2.21422
3.694,-1.01191,2.22233
3.695,-1.00968,2.23041
3.696,-1.00745,2.23849
3.697,-1.0052,2.24655
3.698,-1.00295,2.25461
3.699,-1.0007,2.26264
3.7,-0.998429,2.27067
3.701,-0.996154,2.27868
3.702,-0.993872,2.28668
3.703,-0.991581,2.29467
3.704,-0.989282,2.30264
3.705,-0.986976,2.31061
3.706,-0.984661,2.31855
3.707,-0.982339,2.32649
3.708,-0.980008,2.33441
3.709,-0.97767,2.34231
3.71,-0.975324,2.35021
3.711,-0.972969,2.35809
3.712,-0.970607,2.36595
3.713,-0.968237,2.3738
3.714,-0.96586,2.38164
3.715,-0.963474,2.38947
3.716,-0.961081,2.39728
3.717,-0.95868,2.40507
3.718,-0.956271,2.41285
3.719,-0.953854,2.42062
3.72,-0.951429,2.42837
3.721,-0.948997,2.43611
3.722,-0.946557,2.44383
3.723,-0.94411,2.45154
3.724,-0.941654,2.45923
3.725,-0.939191,2.46691
3.726,-0.93672,2.47458
3.727,-0.934242,2.48222
3.728,-0.931756,2.48986
3.729,-0.929262,2.49747
3.73,-0.926761,2.50508
3.731,-0.924252,2.51266
3.732,-0.921736,2.52023
3.733,-0.919212,2.52779
3.734,-0.91668,2.53533
3.735,-0.914141,2.54285
3.736,-0.911594,2.55036
3.737,-0.90904,2.55785
3.738,-0.906479,2.56533
3.739,-0.90391,2.57279
3.74,-0.901333,2.58023
3.741,-0.898749,2.58765
3.742,-0.896158,2.59506
3.743,-0.893559,2.60246
3.744,-0.890953,2.60983
3.745,-0.888339,2.61719
3.746,-0.885719,2.62454
3.747,-0.88309,2.63186
3.748,-0.880455,2.63917
3.749,-0.877812,2.64646
3.75,-0.875162,2.65373
3.751,-0.872505,2.66099
3.752,-0.86984,2.66823
3.753,-0.867168,2.67545
3.754,-0.864489,2.68266
3.755,-0.861803,2.68984
3.756,-0.859109,2.69701
3.757,-0.856409,2.70416
3.758,-0.853701,2.71129
3.759,-0.850986,2.71841
3.76,-0.848264,2.7255
3.761,-0.845535,2.73258
3.762,-0.842799,2.73964
3.763,-0.840056,2.74668
3.764,-0.837306,2.7537
3.765,-0.834549,2.7607
3.766,-0.831784,2.76768
3.767,-0.829013,2.77465
3.768,-0.826235,2.78159
3.769,-0.82345,2.78852
3.77,-0.820658,2.79543
3.771,-0.817859,2.80231
3.772,-0.815053,2.80918
3.773,-0.812241,2.81603
3.774,-0.809421,2.82286
3.775,-0.806595,2.82967
3.776,-0.803762,2.83646
3.777,-0.800922,2.84323
3.778,-0.798076,2.84998
3.779,-0.795222,2.85671
3.78,-0.792362,2.86342
3.781,-0.789495,2.8701
3.782,-0.786622,2.87677
3.783,-0.783742,2.88342
3.784,-0.780855,2.89005
3.785,-0.777962,2.89665
3.786,-0.775062,2.90324
3.787,-0.772155,2.9098
3.788,-0.769242,2.91634
3.789,-0.766323,2.92286
3.79,-0.763396,2.92936
3.791,-0.760464,2.93584
3.792,-0.757525,2.9423
3.793,-0.754579,2.94874
3.794,-0.751627,2.95515
3.795,-0.748669,2.96154
3.796,-0.745704,2.96791
3.797,-0.742733,2.97426
3.798,-0.739756,2.98059
3.799,-0.736772,2.98689
3.8,-0.733782,2.99317
3.801,-0.730786,2.99943
3.802,-0.727783,3.00567
3.803,-0.724774,3.01188
3.804,-0.721759,3.01807
3.805,-0.718738,3.02424
3.806,-0.715711,3.03039
3.807,-0.712677,3.03651
3.808,-0.709638,3.04261
3.809,-0.706592,3.04868
3.81,-0.703541,3.05474
3.811,-0.700483,3.06076
3.812,-0.697419,3.06677
3.813,-0.694349,3.07275
3.814,-0.691274,3.07871
3.815,-0.688192,3.08464
3.816,-0.685104,3.09055
3.817,-0.682011,3.09644
3.818,-0.678911,3.1023
3.819,-0.675806,3.10814
3.82,-0.672695,3.11395
3.821,-0.669578,3.11974
3.822,-0.666456,3.12551
3.823,-0.663327,3.13125
3.824,-0.660193,3.13696
3.825,-0.657053,3.14265
3.826,-0.653908,3.14832
3.827,-0.650757,3.15396
3.828,-0.6476,3.15957
3.829,-0.644438,3.16516
3.83,-0.64127,3.17072
3.831,-0.638096,3.17626
3.832,-0.634917,3.18178
3.833,-0.631733,3.18726
3.834,-0.628543,3.19273
3.835,-0.625347,3.19816
3.836,-0.622146,3.20357
3.837,-0.61894,3.20895
3.838,-0.615728,3.21431
3.839,-0.612511,3.21964
3.84,-0.609289,3.22495
3.841,-0.606062,3.23023
3.842,-0.602829,3.23548
3.843,-0.599591,3.2407
3.844,-0.596347,3.2459
3.845,-0.593099,3.25107
3.846,-0.589845,3.25622
3.847,-0.586586,3.26134
3.848,-0.583322,3.26643
3.849,-0.580053,3.27149
3.85,-0.576779,3.27652
3.851,-0.5735,3.28153
3.852,-0.570216,3.28651
3.853,-0.566927,3.29147
3.854,-0.563634,3.29639
3.855,-0.560335,3.30129
3.856,-0.557031,3.30616
3.857,-0.553722,3.311
3.858,-0.550409,3.31581
3.859,-0.547091,3.3206
3.86,-0.543768,3.32536
3.861,-0.54044,3.33009
3.862,-0.537108,3.33479
3.863,-0.53377,3.33946
3.864,-0.530429,3.3441
3.865,-0.527082,3.34871
3.866,-0.523731,3.3533
3.867,-0.520376,3.35786
3.868,-0.517016,3.36238
3.869,-0.513651,3.36688
3.87,-0.510282,3.37135
3.871,-0.506908,3.37579
3.872,-0.50353,3.3802
3.873,-0.500148,3.38458
3.874,-0.496761,3.38893
3.875,-0.49337,3.39325
3.876,-0.489975,3.39754
3.877,-0.486575,3.40181
3.878,-0.483171,3.40604
3.879,-0.479763,3.41024
3.88,-0.476351,3.41441
3.881,-0.472934,3.41855
3.882,-0.469513,3.42267
3.883,-0.466089,3.42675
3.884,-0.46266,3.4308
3.885,-0.459227,3.43482
3.886,-0.45579,3.43881
3.887,-0.45235,3.44277
3.888,-0.448905,3.44669
3.889,-0.445456,3.45059
3.89,-0.442004,3.45446
3.891,-0.438547,3.45829
3.892,-0.435087,3.4621
3.893,-0.431623,3.46587
3.894,-0.428155,3.46961
3.895,-0.424684,3.47332
3.896,-0.421209,3.477
3.897,-0.41773,3.48065
3.898,-0.414247,3.48426
3.899,-0.410761,3.48785
3.9,-0.407272,3.4914
3.901,-0.403779,3.49492
3.902,-0.400282,3.49841
3.903,-0.396782,3.50187
3.904,-0.393278,3.50529
3.905,-0.389771,3.50869
3.906,-0.386261,3.51205
3.907,-0.382747,3.51537
3.908,-0.37923,3.51867
3.909,-0.37571,3.52193
3.91,-0.372186,3.52517
3.911,-0.368659,3.52836
3.912,-0.365129,3.53153
3.913,-0.361596,3.53466
3.914,-0.35806,3.53776
3.915,-0.354521,3.54083
3.916,-0.350979,3.54387
3.917,-0.347433,3.54687
3.918,-0.343885,3.54984
3.919,-0.340333,3.55277
3.92,-0.336779,3.55568
3.921,-0.333222,3.55855
3.922,-0.329662,3.56138
3.923,-0.326099,3.56418
3.924,-0.322534,3.56695
3.925,-0.318965,3.56969
3.926,-0.315394,3.57239
3.927,-0.311821,3.57506
3.928,-0.308244,3.5777
3.929,-0.304665,3.5803
3.93,-0.301084,3.58287
3.931,-0.2975,3.5854
3.932,-0.293913,3.5879
3.933,-0.290324,3.59037
3.934,-0.286732,3.5928
3.935,-0.283138,3.5952
3.936,-0.279542,3.59756
3.937,-0.275943,3.59989
3.938,-0.272342,3.60219
3.939,-0.268739,3.60445
3.94,-0.265133,3.60668
3.941,-0.261525,3.60887
3.942,-0.257915,3.61103
3.943,-0.254303,3.61315
3.944,-0.250689,3.61524
3.945,-0.247073,3.61729
3.946,-0.243455,3.61931
3.947,-0.239834,3.6213
3.948,-0.236212,3.62325
3.949,-0.232588,3.62517
3.95,-0.228962,3.62705
3.951,-0.225334,3.62889
3.952,-0.221704,3.63071
3.953,-0.218072,3.63248
3.954,-0.214439,3.63422
3.955,-0.210804,3.63593
3.956,-0.207167,3.6376
3.957,-0.203529,3.63924
3.958,-0.199889,3.64084
3.959,-0.196247,3.64241
3.96,-0.192604,3.64394
3.961,-0.188959,3.64543
3.962,-0.185313,3.64689
3.963,-0.181665,3.64832
3.964,-0.178016,3.64971
3.965,-0.174366,3.65106
3.966,-0.170714,3.65238
3.967,-0.167061,3.65367
3.968,-0.163407,3.65491
3.969,-0.159751,3.65613
3.97,-0.156095,3.6573
3.971,-0.152437,3.65845
3.972,-0.148778,3.65955
3.973,-0.145118,3.66062
3.974,-0.141457,3.66166
3.975,-0.137794,3.66266
3.976,-0.134131,3.66362
3.977,-0.130467,3.66455
3.978,-0.126802,3.66544
3.979,-0.123136,3.66629
3.98,-0.11947,3.66712
3.981,-0.115802,3.6679
3.982,-0.112134,3.66865
3.983,-0.108465,3.66936
3.984,-0.104795,3.67004
3.985,-0.101125,3.67068
3.986,-0.0974538,3.67129
3.987,-0.0937822,3.67185
3.988,-0.0901101,3.67239
3.989,-0.0864374,3.67289
3.99,-0.0827643,3.67335
3.991,-0.0790907,3.67377
3.992,-0.0754168,3.67416
3.993,-0.0717424,3.67452
3.994,-0.0680678,3.67483
3.995,-0.0643928,3.67512
3.996,-0.0607175,3.67536
3.997,-0.0570421,3.67557
3.998,-0.0533664,3.67575
3.999,-0.0496906,3.67588
4,-0.0460146,3.67598
4.001,-0.0423386,3.67605
4.002,-0.0386626,3.67608
4.003,-0.0349865,3.67607
4.004,-0.0313104,3.67603
4.005,-0.0276344,3.67595
4.006,-0.0239585,3.67584
4.007,-0.0202828,3.67569
4.008,-0.0166072,3.6755
4.009,-0.0129318,3.67528
4.01,-0.00925663,3.67502
4.011,-0.00558175,3.67472
4.012,-0.00190719,3.67439
4.013,0.00176702,3.67403
4.014,0.00544085,3.67362
4.015,0.00911426,3.67319
4.016,0.0127872,3.67271
4.017,0.0164597,3.6722
4.018,0.0201316,3.67165
4.019,0.023803,3.67107
4.02,0.0274737,3.67045
4.021,0.0311439,3.6698
4.022,0.0348133,3.66911
4.023,0.0384821,3.66838
4.024,0.0421501,3.66762
4.025,0.0458173,3.66682
4.026,0.0494837,3.66599
4.027,0.0531492,3.66512
4.028,0.0568139,3.66421
4.029,0.0604777,3.66327
4.03,0.0641404,3.66229
4.031,0.0678022,3.66128
4.032,0.071463,3.66023
4.033,0.0751227,3.65915
4.034,0.0787813,3.65803
4.035,0.0824387,3.65687
4.036,0.086095,3.65568
4.037,0.0897501,3.65445
4.038,0.0934039,3.65319
4.039,0.0970564,3.65189
4.04,0.100708,3.65056
4.041,0.104358,3.64919
4.042,0.108006,3.64779
4.043,0.111653,3.64635
4.044,0.115299,3.64487
4.045,0.118943,3.64336
4.046,0.122585,3.64181
4.047,0.126226,3.64023
4.048,0.129866,3.63862
4.049,0.133504,3.63696
4.05,0.13714,3.63528
4.051,0.140774,3.63355
4.052,0.144407,3.6318
4.053,0.148038,3.63
4.054,0.151667,3.62818
4.055,0.155294,3.62631
4.056,0.15892,3.62442
4.057,0.162543,3.62248
4.058,0.166164,3.62052
4.059,0.169784,3.61852
4.06,0.173401,3.61648
4.061,0.177017,3.61441
4.062,0.18063,3.6123
4.063,0.184242,3.61016
4.064,0.187851,3.60798
4.065,0.191457,3.60577
4.066,0.195062,3.60353
4.067,0.198665,3.60125
4.068,0.202265,3.59894
4.069,0.205862,3.59659
4.07,0.209458,3.59421
4.071,0.213051,3.59179
4.072,0.216641,3.58934
4.073,0.220229,3.58686
4.074,0.223815,3.58434
4.075,0.227398,3.58178
4.076,0.230979,3.5792
4.077,0.234557,3.57658
4.078,0.238132,3.57392
4.079,0.241704,3.57123
4.08,0.245274,3.56851
4.081,0.248841,3.56576
4.082,0.252406,3.56297
4.083,0.255967,3.56014
4.084,0.259526,3.55729
4.085,0.263082,3.5544
4.086,0.266635,3.55147
4.087,0.270185,3.54852
4.088,0.273732,3.54553
4.089,0.277276,3.5425
4.09,0.280817,3.53945
4.091,0.284355,3.53636
4.092,0.28789,3.53324
4.093,0.291421,3.53008
4.094,0.29495,3.52689
4.095,0.298475,3.52367
4.096,0.301997,3.52042
4.097,0.305516,3.51713
4.098,0.309031,3.51382
4.099,0.312543,3.51046
4.1,0.316052,3.50708
4.101,0.319558,3.50366
4.102,0.323059,3.50022
4.103,0.326558,3.49674
4.104,0.330053,3.49322
4.105,0.333544,3.48968
4.106,0.337032,3.4861
4.107,0.340517,3.48249
4.108,0.343997,3.47885
4.109,0.347474,3.47518
4.11,0.350948,3.47148
4.111,0.354417,3.46774
4.112,0.357883,3.46397
4.113,0.361345,3.46018
4.114,0.364803,3.45635
4.115,0.368258,3.45248
4.116,0.371708,3.44859
4.117,0.375155,3.44467
4.118,0.378598,3.44071
4.119,0.382036,3.43673
4.12,0.385471,3.43271
4.121,0.388902,3.42866
4.122,0.392328,3.42459
4.123,0.395751,3.42048
4.124,0.399169,3.41634
4.125,0.402584,3.41217
4.126,0.405994,3.40797
4.127,0.4094,3.40374
4.128,0.412801,3.39948
4.129,0.416199,3.39519
4.13,0.419592,3.39087
4.131,0.42298,3.38652
4.132,0.426365,3.38214
4.133,0.429745,3.37773
4.134,0.43312,3.37329
4.135,0.436491,3.36882
4.136,0.439858,3.36432
4.137,0.44322,3.35979
4.138,0.446577,3.35523
4.139,0.44993,3.35065
4.14,0.453279,3.34603
4.141,0.456622,3.34139
4.142,0.459961,3.33671
4.143,0.463296,3.33201
4.144,0.466625,3.32728
4.145,0.46995,3.32252
4.146,0.47327,3.31773
4.147,0.476586,3.31291
4.148,0.479896,3.30806
4.149,0.483202,3.30319
4.15,0.486503,3.29829
4.151,0.489798,3.29336
4.152,0.493089,3.2884
4.153,0.496375,3.28341
4.154,0.499656,3.2784
4.155,0.502932,3.27336
4.156,0.506203,3.26829
4.157,0.509468,3.26319
4.158,0.512729,3.25807
4.159,0.515985,3.25291
4.16,0.519235,3.24773
4.161,0.52248,3.24253
4.162,0.52572,3.2373
4.163,0.528955,3.23204
4.164,0.532184,3.22675
4.165,0.535408,3.22143
4.166,0.538627,3.21609
4.167,0.54184,3.21073
4.168,0.545048,3.20533
4.169,0.548251,3.19991
4.17,0.551448,3.19447
4.171,0.55464,3.189
4.172,0.557826,3.1835
4.173,0.561007,3.17797
4.174,0.564182,3.17242
4.175,0.567352,3.16685
4.176,0.570516,3.16125
4.177,0.573674,3.15562
4.178,0.576827,3.14997
4.179,0.579974,3.14429
4.18,0.583116,3.13859
4.181,0.586251,3.13286
4.182,0.589381,3.1271
4.183,0.592505,3.12133
4.184,0.595624,3.11552
4.185,0.598737,3.1097
4.186,0.601843,3.10384
4.187,0.604944,3.09797
4.188,0.608039,3.09207
4.189,0.611128,3.08614
4.19,0.614212,3.08019
4.191,0.617289,3.07422
4.192,0.62036,3.06822
4.193,0.623425,3.0622
4.194,0.626484,3.05615
4.195,0.629537,3.05008
4.196,0.632584,3.04399
4.197,0.635625,3.03788
4.198,0.63866,3.03174
4.199,0.641689,3.02557
4.2,0.644711,3.01939
4.201,0.647728,3.01318
4.202,0.650738,3.00695
4.203,0.653742,3.00069
4.204,0.656739,2.99441
4.205,0.65973,2.98811
4.206,0.662715,2.98179
4.207,0.665694,2.97545
4.208,0.668666,2.96908
4.209,0.671632,2.96269
4.21,0.674592,2.95628
4.211,0.677545,2.94984
4.212,0.680491,2.94339
4.213,0.683431,2.93691
4.214,0.686365,2.93041
4.215,0.689292,2.92389
4.216,0.692213,2.91735
4.217,0.695127,2.91079
4.218,0.698034,2.9042
4.219,0.700935,2.89759
4.22,0.70383,2.89097
4.221,0.706717,2.88432
4.222,0.709598,2.87765
4.223,0.712473,2.87096
4.224,0.71534,2.86425
4.225,0.718201,2.85752
4.226,0.721055,2.85077
4.227,0.723903,2.844
4.228,0.726743,2.83721
4.229,0.729577,2.83039
4.23,0.732404,2.82356
4.231,0.735224,2.81671
4.232,0.738037,2.80984
4.233,0.740844,2.80295
4.234,0.743643,2.79604
4.235,0.746436,2.78911
4.236,0.749221,2.78216
4.237,0.752,2.77519
4.238,0.754772,2.7682
4.239,0.757536,2.76119
4.24,0.760294,2.75416
4.241,0.763045,2.74712
4.242,0.765788,2.74005
4.243,0.768525,2.73297
4.244,0.771254,2.72587
4.245,0.773977,2.71875
4.246,0.776692,2.71161
4.247,0.7794,2.70446
4.248,0.782101,2.69728
4.249,0.784794,2.69009
4.25,0.787481,2.68288
4.251,0.79016,2.67565
4.252,0.792832,2.6684
4.253,0.795497,2.66114
4.254,0.798154,2.65386
4.255,0.800805,2.64656
4.256,0.803448,2.63924
4.257,0.806083,2.63191
4.258,0.808711,2.62456
4.259,0.811332,2.61719
4.26,0.813946,2.60981
4.261,0.816552,2.60241
4.262,0.819151,2.59499
4.263,0.821742,2.58756
4.264,0.824326,2.5801
4.265,0.826902,2.57264
4.266,0.829471,2.56515
4.267,0.832032,2.55765
4.268,0.834586,2.55014
4.269,0.837133,2.5426
4.27,0.839671,2.53506
4.271,0.842203,2.52749
4.272,0.844726,2.51991
4.273,0.847243,2.51232
4.274,0.849751,2.5047
4.275,0.852252,2.49708
4.276,0.854745,2.48944
4.277,0.857231,2.48178
4.278,0.859709,2.47411
4.279,0.862179,2.46642
4.28,0.864642,2.45872
4.281,0.867096,2.451
4.282,0.869544,2.44327
4.283,0.871983,2.43552
4.284,0.874415,2.42776
4.285,0.876839,2.41998
4.286,0.879255,2.41219
4.287,0.881663,2.40439
4.288,0.884063,2.39657
4.289,0.886456,2.38874
4.29,0.888841,2.38089
4.291,0.891218,2.37303
4.292,0.893587,2.36515
4.293,0.895948,2.35726
4.294,0.898301,2.34936
4.295,0.900647,2.34145
4.296,0.902984,2.33352
4.297,0.905314,2.32557
4.298,0.907635,2.31762
4.299,0.909949,2.30965
4.3,0.912255,2.30167
4.301,0.914552,2.29367
4.302,0.916842,2.28566
4.303,0.919124,2.27764
4.304,0.921397,2.26961
4.305,0.923663,2.26156
4.306,0.92592,2.2535
4.307,0.92817,2.24543
4.308,0.930411,2.23735
4.309,0.932645,2.22925
4.31,0.93487,2.22114
4.311,0.937087,2.21302
4.312,0.939296,2.20489
4.313,0.941497,2.19675
4.314,0.943689,2.18859
4.315,0.945874,2.18042
4.316,0.94805,2.17224
4.317,0.950218,2.16405
4.318,0.952378,2.15585
4.319,0.95453,2.14763
4.32,0.956674,2.13941
4.321,0.958809,2.13117
4.322,0.960936,2.12292
4.323,0.963055,2.11466
4.324,0.965165,2.10639
4.325,0.967267,2.09811
4.326,0.969361,2.08982
4.327,0.971447,2.08152
4.328,0.973524,2.0732
4.329,0.975594,2.06488
4.33,0.977654,2.05654
4.331,0.979707,2.0482
4.332,0.981751,2.03984
4.333,0.983786,2.03148
4.334,0.985814,2.0231
4.335,0.987832,2.01471
4.336,0.989843,2.00632
4.337,0.991845,1.99791
4.338,0.993839,1.9895
4.339,0.995824,1.98107
4.34,0.997801,1.97263
4.341,0.999769,1.96419
4.342,1.00173,1.95573
4.343,1.00368,1.94727
4.344,1.00562,1.9388
4.345,1.00756,1.93031
4.346,1.00948,1.92182
4.347,1.0114,1.91332
4.348,1.01331,1.90481
4.349,1.01521,1.89629
4.35,1.0171,1.88776
4.351,1.01899,1.87922
4.352,1.02086,1.87068
4.353,1.02273,1.86212
4.354,1.02459,1.85356
4.355,1.02644,1.84499
4.356,1.02828,1.8364
4.357,1.03011,1.82782
4.358,1.03193,1.81922
4.359,1.03375,1.81061
4.36,1.03555,1.802
4.361,1.03735,1.79338
4.362,1.03914,1.78475
4.363,1.04092,1.77611
4.364,1.04269,1.76746
4.365,1.04446,1.75881
4.366,1.04621,1.75014
4.367,1.04796,1.74147
4.368,1.04969,1.7328
4.369,1.05142,1.72411
4.37,1.05314,1.71542
4.371,1.05485,1.70672
4.372,1.05655,1.69801
4.373,1.05825,1.6893
4.374,1.05993,1.68058
4.375,1.06161,1.67185
4.376,1.06328,1.66311
4.377,1.06494,1.65437
4.378,1.06659,1.64562
4.379,1.06823,1.63686
4.38,1.06986,1.6281
4.381,1.07148,1.61932
4.382,1.0731,1.61055
4.383,1.0747,1.60176
4.384,1.0763,1.59297
4.385,1.07789,1.58417
4.386,1.07947,1.57537
4.387,1.08104,1.56656
4.388,1.0826,1.55774
4.389,1.08416,1.54892
4.39,1.0857,1.54009
4.391,1.08724,1.53126
4.392,1.08876,1.52241
4.393,1.09028,1.51357
4.394,1.09179,1.50471
4.395,1.09329,1.49585
4.396,1.09478,1.48699
4.397,1.09626,1.47812
4.398,1.09774,1.46924
4.399,1.0992,1.46036
4.4,1.10066,1.45147
4.401,1.10211,1.44258
4.402,1.10354,1.43368
4.403,1.10497,1.42477
4.404,1.10639,1.41586
4.405,1.1078,1.40695
4.406,1.10921,1.39803
4.407,1.1106,1.3891
4.408,1.11199,1.38017
4.409,1.11336,1.37124
4.41,1.11473,1.36229
4.411,1.11609,1.35335
4.412,1.11743,1.3444
4.413,1.11877,1.33544
4.414,1.12011,1.32648
4.415,1.12143,1.31752
4.416,1.12274,1.30855
4.417,1.12404,1.29957
4.418,1.12534,1.29059
4.419,1.12663,1.28161
4.42,1.1279,1.27262
4.421,1.12917,1.26363
4.422,1.13043,1.25463
4.423,1.13168,1.24563
4.424,1.13292,1.23662
4.425,1.13415,1.22761
4.426,1.13538,1.2186
4.427,1.13659,1.20958
4.428,1.1378,1.20055
4.429,1.13899,1.19153
4.43,1.14018,1.1825
4.431,1.14136,1.17346
4.432,1.14253,1.16442
4.433,1.14369,1.15538
4.434,1.14484,1.14634
4.435,1.14598,1.13729
4.436,1.14711,1.12823
4.437,1.14823,1.11917
4.438,1.14935,1.11011
4.439,1.15046,1.10105
4.44,1.15155,1.09198
4.441,1.15264,1.08291
4.442,1.15372,1.07384
4.443,1.15479,1.06476
4.444,1.15585,1.05568
4.445,1.1569,1.04659
4.446,1.15794,1.0375
4.447,1.15897,1.02841
4.448,1.16,1.01932
4.449,1.16101,1.01022
4.45,1.16202,1.00112
4.451,1.16301,0.992017
4.452,1.164,0.982911
4.453,1.16498,0.973802
4.454,1.16595,0.96469
4.455,1.16691,0.955575
4.456,1.16786,0.946457
4.457,1.1688,0.937337
4.458,1.16973,0.928214
4.459,1.17066,0.919088
4.46,1.17157,0.90996
4.461,1.17248,0.900829
4.462,1.17337,0.891696
4.463,1.17426,0.88256
4.464,1.17514,0.873421
4.465,1.17601,0.864281
4.466,1.17687,0.855138
4.467,1.17772,0.845993
4.468,1.17856,0.836845
4.469,1.17939,0.827695
4.47,1.18022,0.818543
4.471,1.18103,0.809389
4.472,1.18183,0.800233
4.473,1.18263,0.791075
4.474,1.18342,0.781914
4.475,1.18419,0.772752
4.476,1.18496,0.763588
4.477,1.18572,0.754422
4.478,1.18647,0.745254
4.479,1.18721,0.736084
4.48,1.18794,0.726912
4.481,1.18867,0.717739
4.482,1.18938,0.708564
4.483,1.19008,0.699387
4.484,1.19078,0.690209
4.485,1.19146,0.681029
4.486,1.19214,0.671847
4.487,1.19281,0.662664
4.488,1.19346,0.65348
4.489,1.19411,0.644294
4.49,1.19475,0.635107
4.491,1.19538,0.625918
4.492,1.19601,0.616728
4.493,1.19662,0.607537
4.494,1.19722,0.598344
4.495,1.19781,0.58915
4.496,1.1984,0.579955
4.497,1.19897,0.570759
4.498,1.19954,0.561562
4.499,1.2001,0.552363
4.5,1.20064,0.543164
4.501,1.20118,0.533963
4.502,1.20171,0.524762
4.503,1.20223,0.51556
4.504,1.20274,0.506357
4.505,1.20325,0.497152
4.506,1.20374,0.487948
4.507,1.20422,0.478742
4.508,1.2047,0.469535
4.509,1.20516,0.460328
4.51,1.20562,0.45112
4.511,1.20606,0.441912
4.512,1.2065,0.432703
4.513,1.20693,0.423493
4.514,1.20735,0.414282
4.515,1.20776,0.405072
4.516,1.20816,0.39586
4.517,1.20855,0.386648
4.518,1.20893,0.377436
4.519,1.2093,0.368224
4.52,1.20967,0.359011
4.521,1.21002,0.349797
4.522,1.21037,0.340584
4.523,1.2107,0.33137
4.524,1.21103,0.322156
4.525,1.21135,0.312942
4.526,1.21166,0.303727
4.527,1.21195,0.294513
4.528,1.21224,0.285298
4.529,1.21253,0.276083
4.53,1.2128,0.266869
4.531,1.21306,0.257654
4.532,1.21331,0.248439
4.533,1.21356,0.239224
4.534,1.21379,0.23001
4.535,1.21402,0.220796
4.536,1.21423,0.211581
4.537,1.21444,0.202367
4.538,1.21464,0.193154
4.539,1.21483,0.18394
4.54,1.215,0.174727
4.541,1.21517,0.165514
4.542,1.21534,0.156301
4.543,1.21549,0.147089
4.544,1.21563,0.137877
4.545,1.21576,0.128666
4.546,1.21589,0.119455
4.547,1.216,0.110245
4.548,1.21611,0.101035
4.549,1.2162,0.091826
4.55,1.21629,0.0826174
4.551,1.21637,0.0734095
4.552,1.21644,0.0642022
4.553,1.2165,0.0549957
4.554,1.21655,0.0457899
4.555,1.21659,0.0365848
4.556,1.21662,0.0273805
4.557,1.21664,0.0181771
4.558,1.21666,0.0089745
4.559,1.21666,-0.000227194
4.56,1.21666,-0.00942797
4.561,1.21664,-0.0186278
4.562,1.21662,-0.0278266
4.563,1.21659,-0.0370244
4.564,1.21655,-0.0462212
4.565,1.21649,-0.0554169
4.566,1.21643,-0.0646115
4.567,1.21637,-0.073805
4.568,1.21629,-0.0829972
4.569,1.2162,-0.0921883
4.57,1.2161,-0.101378
4.571,1.216,-0.110567
4.572,1.21588,-0.119754
4.573,1.21576,-0.12894
4.574,1.21562,-0.138125
4.575,1.21548,-0.147308
4.576,1.21533,-0.15649
4.577,1.21517,-0.16567
4.578,1.215,-0.174849
4.579,1.21482,-0.184026
4.58,1.21463,-0.193202
4.581,1.21443,-0.202376
4.582,1.21423,-0.211549
4.583,1.21401,-0.22072
4.584,1.21378,-0.229889
4.585,1.21355,-0.239057
4.586,1.21331,-0.248222
4.587,1.21305,-0.257387
4.588,1.21279,-0.266549
4.589,1.21252,-0.275709
4.59,1.21224,-0.284868
4.591,1.21195,-0.294024
4.592,1.21165,-0.303179
4.593,1.21134,-0.312332
4.594,1.21103,-0.321483
4.595,1.2107,-0.330632
4.596,1.21037,-0.339778
4.597,1.21002,-0.348923
4.598,1.20967,-0.358065
4.599,1.2093,-0.367206
4.6,1.20893,-0.376344
4.601,1.20855,-0.38548
4.602,1.20816,-0.394614
4.603,1.20776,-0.403745
4.604,1.20735,-0.412874
4.605,1.20694,-0.422001
4.606,1.20651,-0.431125
4.607,1.20608,-0.440247
4.608,1.20563,-0.449367
4.609,1.20518,-0.458484
4.61,1.20471,-0.467598
4.611,1.20424,-0.47671
4.612,1.20376,-0.485819
4.613,1.20327,-0.494926
4.614,1.20277,-0.50403
4.615,1.20226,-0.513131
4.616,1.20174,-0.52223
4.617,1.20122,-0.531326
4.618,1.20068,-0.540419
4.619,1.20014,-0.549509
4.62,1.19958,-0.558597
4.621,1.19902,-0.567681
4.622,1.19845,-0.576763
4.623,1.19787,-0.585841
4.624,1.19728,-0.594917
4.625,1.19668,-0.60399
4.626,1.19607,-0.613059
4.627,1.19545,-0.622125
4.628,1.19482,-0.631189
4.629,1.19419,-0.640249
4.63,1.19354,-0.649306
4.631,1.19289,-0.658359
4.632,1.19223,-0.667409
4.633,1.19155,-0.676456
4.634,1.19087,-0.6855
4.635,1.19018,-0.69454
4.636,1.18948,-0.703577
4.637,1.18878,-0.71261
4.638,1.18806,-0.72164
4.639,1.18733,-0.730666
4.64,1.1866,-0.739689
4.641,1.18585,-0.748708
4.642,1.1851,-0.757724
4.643,1.18434,-0.766735
4.644,1.18357,-0.775743
4.645,1.18279,-0.784747
4.646,1.182,-0.793748
4.647,1.1812,-0.802744
4.648,1.18039,-0.811737
4.649,1.17957,-0.820726
4.65,1.17875,-0.82971
4.651,1.17792,-0.838691
4.652,1.17707,-0.847668
4.653,1.17622,-0.85664
4.654,1.17536,-0.865609
4.655,1.17449,-0.874573
4.656,1.17361,-0.883533
4.657,1.17272,-0.892489
4.658,1.17182,-0.901441
4.659,1.17092,-0.910388
4.66,1.17,-0.919331
4.661,1.16908,-0.928269
4.662,1.16815,-0.937203
4.663,1.16721,-0.946133
4.664,1.16626,-0.955057
4.665,1.1653,-0.963978
4.666,1.16433,-0.972894
4.667,1.16335,-0.981805
4.668,1.16236,-0.990711
4.669,1.16137,-0.999613
4.67,1.16036,-1.00851
4.671,1.15935,-1.0174
4.672,1.15833,-1.02629
4.673,1.1573,-1.03517
4.674,1.15626,-1.04405
4.675,1.15521,-1.05292
4.676,1.15415,-1.06179
4.677,1.15309,-1.07065
4.678,1.15201,-1.07951
4.679,1.15093,-1.08836
4.68,1.14984,-1.0972
4.681,1.14873,-1.10605
4.682,1.14762,-1.11488
4.683,1.1465,-1.12371
4.684,1.14538,-1.13254
4.685,1.14424,-1.14136
4.686,1.14309,-1.15017
4.687,1.14194,-1.15898
4.688,1.14078,-1.16778
4.689,1.1396,-1.17658
4.69,1.13842,-1.18537
4.691,1.13723,-1.19416
4.692,1.13603,-1.20294
4.693,1.13483,-1.21171
4.694,1.13361,-1.22048
4.695,1.13239,-1.22924
4.696,1.13115,-1.238
4.697,1.12991,-1.24675
4.698,1.12866,-1.25549
4.699,1.1274,-1.26423
4.7,1.12613,-1.27296
4.701,1.12485,-1.28169
4.702,1.12357,-1.29041
4.703,1.12227,-1.29912
4.704,1.12097,-1.30783
4.705,1.11966,-1.31653
4.706,1.11834,-1.32522
4.707,1.11701,-1.33391
4.708,1.11567,-1.34259
4.709,1.11432,-1.35126
4.71,1.11297,-1.35993
4.711,1.1116,-1.36859
4.712,1.11023,-1.37724
4.713,1.10885,-1.38589
4.714,1.10746,-1.39453
4.715,1.10606,-1.40316
4.716,1.10465,-1.41179
4.717,1.10323,-1.42041
4.718,1.10181,-1.42902
4.719,1.10038,-1.43762
4.72,1.09893,-1.44622
4.721,1.09748,-1.45481
4.722,1.09602,-1.46339
4.723,1.09456,-1.47197
4.724,1.09308,-1.48053
4.725,1.0916,-1.48909
4.726,1.0901,-1.49765
4.727,1.0886,-1.50619
4.728,1.08709,-1.51473
4.729,1.08557,-1.52326
4.73,1.08404,-1.53178
4.731,1.08251,-1.54029
4.732,1.08096,-1.5488
4.733,1.07941,-1.55729
4.734,1.07785,-1.56578
4.735,1.07628,-1.57426
4.736,1.0747,-1.58274
4.737,1.07311,-1.5912
4.738,1.07152,-1.59966
4.739,1.06991,-1.60811
4.74,1.0683,-1.61655
4.741,1.06668,-1.62498
4.742,1.06505,-1.6334
4.743,1.06341,-1.64182
4.744,1.06177,-1.65022
4.745,1.06011,-1.65862
4.746,1.05845,-1.66701
4.747,1.05678,-1.67539
4.748,1.0551,-1.68376
4.749,1.05341,-1.69212
4.75,1.05172,-1.70047
4.751,1.05001,-1.70881
4.752,1.0483,-1.71715
4.753,1.04658,-1.72547
4.754,1.04485,-1.73379
4.755,1.04311,-1.74209
4.756,1.04136,-1.75039
4.757,1.03961,-1.75868
4.758,1.03784,-1.76696
4.759,1.03607,-1.77522
4.76,1.03429,-1.78348
4.761,1.03251,-1.79173
4.762,1.03071,-1.79997
4.763,1.02891,-1.8082
4.764,1.02709,-1.81642
4.765,1.02527,-1.82462
4.766,1.02345,-1.83282
4.767,1.02161,-1.84101
4.768,1.01976,-1.84919
4.769,1.01791,-1.85736
4.77,1.01605,-1.86552
4.771,1.01418,-1.87366
4.772,1.0123,-1.8818
4.773,1.01042,-1.88992
4.774,1.00852,-1.89804
4.775,1.00662,-1.90614
4.776,1.00471,-1.91424
4.777,1.00279,-1.92232
4.778,1.00086,-1.93039
4.779,0.99893,-1.93845
4.78,0.996988,-1.9465
4.781,0.995037,-1.95454
4.782,0.993079,-1.96257
4.783,0.991112,-1.97059
4.784,0.989137,-1.97859
4.785,0.987155,-1.98658
4.786,0.985164,-1.99456
4.787,0.983166,-2.00253
4.788,0.981159,-2.01049
4.789,0.979145,-2.01844
4.79,0.977122,-2.02637
4.791,0.975092,-2.0343
4.792,0.973054,-2.04221
4.793,0.971008,-2.05011
4.794,0.968954,-2.05799
4.795,0.966892,-2.06587
4.796,0.964822,-2.07373
4.797,0.962744,-2.08158
4.798,0.960659,-2.08942
4.799,0.958565,-2.09724
4.8,0.956464,-2.10505
4.801,0.954355,-2.11285
4.802,0.952238,-2.12064
4.803,0.950114,-2.12841
4.804,0.947982,-2.13617
4.805,0.945842,-2.14392
4.806,0.943694,-2.15166
4.807,0.941538,-2.15938
4.808,0.939375,-2.16709
4.809,0.937204,-2.17478
4.81,0.935025,-2.18246
4.811,0.932839,-2.19013
4.812,0.930645,-2.19779
4.813,0.928444,-2.20543
4.814,0.926234,-2.21306
4.815,0.924018,-2.22067
4.816,0.921793,-2.22827
4.817,0.919561,-2.23585
4.818,0.917321,-2.24343
4.819,0.915074,-2.25098
4.82,0.912819,-2.25853
4.821,0.910557,-2.26606
4.822,0.908287,-2.27357
4.823,0.90601,-2.28107
4.824,0.903725,-2.28856
4.825,0.901433,-2.29603
4.826,0.899133,-2.30348
4.827,0.896826,-2.31092
4.828,0.894511,-2.31835
4.829,0.892189,-2.32576
4.83,0.88986,-2.33316
4.831,0.887523,-2.34054
4.832,0.885179,-2.34791
4.833,0.882827,-2.35526
4.834,0.880468,-2.36259
4.835,0.878102,-2.36991
4.836,0.875728,-2.37722
4.837,0.873347,-2.38451
4.838,0.870959,-2.39178
4.839,0.868564,-2.39904
4.84,0.866161,-2.40628
4.841,0.863751,-2.4135
4.842,0.861334,-2.42071
4.843,0.85891,-2.4279
4.844,0.856478,-2.43508
4.845,0.85404,-2.44224
4.846,0.851594,-2.44938
4.847,0.849141,-2.45651
4.848,0.846681,-2.46362
4.849,0.844214,-2.47072
4.85,0.84174,-2.47779
4.851,0.839258,-2.48485
4.852,0.83677,-2.4919
4.853,0.834274,-2.49892
4.854,0.831772,-2.50593
4.855,0.829263,-2.51292
4.856,0.826746,-2.5199
4.857,0.824223,-2.52685
4.858,0.821692,-2.53379
4.859,0.819155,-2.54071
4.86,0.816611,-2.54762
4.861,0.81406,-2.5545
4.862,0.811502,-2.56137
4.863,0.808937,-2.56822
4.864,0.806366,-2.57505
4.865,0.803787,-2.58187
4.866,0.801202,-2.58866
4.867,0.79861,-2.59544
4.868,0.796011,-2.6022
4.869,0.793405,-2.60894
4.87,0.790793,-2.61566
4.871,0.788174,-2.62237
4.872,0.785548,-2.62905
4.873,0.782916,-2.63572
4.874,0.780277,-2.64236
4.875,0.777631,-2.64899
4.876,0.774979,-2.6556
4.877,0.77232,-2.66219
4.878,0.769655,-2.66876
4.879,0.766983,-2.67531
4.88,0.764304,-2.68184
4.881,0.761619,-2.68835
4.882,0.758927,-2.69484
4.883,0.756229,-2.70131
4.884,0.753525,-2.70776
4.885,0.750814,-2.71419
4.886,0.748096,-2.7206
4.887,0.745373,-2.72699
4.888,0.742642,-2.73337
4.889,0.739906,-2.73972
4.89,0.737163,-2.74605
4.891,0.734414,-2.75235
4.892,0.731658,-2.75864
4.893,0.728896,-2.76491
4.894,0.726128,-2.77116
4.895,0.723354,-2.77738
4.896,0.720574,-2.78359
4.897,0.717787,-2.78977
4.898,0.714994,-2.79594
4.899,0.712195,-2.80208
4.9,0.70939,-2.8082
4.901,0.706579,-2.8143
4.902,0.703761,-2.82037
4.903,0.700938,-2.82643
4.904,0.698109,-2.83246
4.905,0.695273,-2.83847
4.906,0.692432,-2.84446
4.907,0.689584,-2.85043
4.908,0.686731,-2.85637
4.909,0.683871,-2.8623
4.91,0.681006,-2.8682
4.911,0.678135,-2.87407
4.912,0.675258,-2.87993
4.913,0.672375,-2.88576
4.914,0.669486,-2.89157
4.915,0.666592,-2.89736
4.916,0.663692,-2.90313
4.917,0.660786,-2.90887
4.918,0.657874,-2.91459
4.919,0.654957,-2.92028
4.92,0.652034,-2.92595
4.921,0.649105,-2.9316
4.922,0.64617,-2.93723
4.923,0.64323,-2.94283
4.924,0.640285,-2.9484
4.925,0.637333,-2.95396
4.926,0.634377,-2.95949
4.927,0.631415,-2.96499
4.928,0.628447,-2.97048
4.929,0.625474,-2.97594
4.93,0.622495,-2.98137
4.931,0.619511,-2.98678
4.932,0.616521,-2.99216
4.933,0.613527,-2.99752
4.934,0.610526,-3.00286
4.935,0.607521,-3.00817
4.936,0.60451,-3.01346
4.937,0.601494,-3.01872
4.938,0.598473,-3.02396
4.939,0.595446,-3.02917
4.94,0.592414,-3.03436
4.941,0.589377,-3.03952
4.942,0.586335,-3.04465
4.943,0.583288,-3.04976
4.944,0.580236,-3.05485
4.945,0.577178,-3.05991
4.946,0.574116,-3.06494
4.947,0.571048,-3.06995
4.948,0.567976,-3.07493
4.949,0.564899,-3.07989
4.95,0.561816,-3.08482
4.951,0.558729,-3.08973
4.952,0.555637,-3.0946
4.953,0.55254,-3.09946
4.954,0.549438,-3.10428
4.955,0.546331,-3.10908
4.956,0.54322,-3.11385
4.957,0.540103,-3.1186
4.958,0.536983,-3.12332
4.959,0.533857,-3.12801
4.96,0.530726,-3.13268
4.961,0.527591,-3.13732
4.962,0.524452,-3.14193
4.963,0.521308,-3.14651
4.964,0.518159,-3.15107
4.965,0.515006,-3.1556
4.966,0.511848,-3.1601
4.967,0.508685,-3.16458
4.968,0.505519,-3.16902
4.969,0.502347,-3.17344
4.97,0.499172,-3.17784
4.971,0.495992,-3.1822
4.972,0.492807,-3.18654
4.973,0.489619,-3.19085
4.974,0.486426,-3.19513
4.975,0.483228,-3.19938
4.976,0.480027,-3.2036
4.977,0.476821,-3.2078
4.978,0.473611,-3.21197
4.979,0.470397,-3.2161
4.98,0.467179,-3.22021
4.981,0.463957,-3.2243
4.982,0.46073,-3.22835
4.983,0.4575,-3.23237
4.984,0.454266,-3.23637
4.985,0.451027,-3.24034
4.986,0.447785,-3.24427
4.987,0.444539,-3.24818
4.988,0.441289,-3.25206
4.989,0.438035,-3.25591
4.99,0.434777,-3.25973
4.991,0.431515,-3.26352
4.992,0.42825,-3.26729
4.993,0.424981,-3.27102
4.994,0.421708,-3.27472
4.995,0.418431,-3.27839
4.996,0.415151,-3.28204
4.997,0.411867,-3.28565
4.998,0.40858,-3.28923
4.999,0.405289,-3.29279
5,0.401994,-3.29631
5.001,0.398696,-3.29981
5.002,0.395395,-3.30327
5.003,0.39209,-3.3067
5.004,0.388781,-3.3101
5.005,0.385469,-3.31348
5.006,0.382154,-3.31682
5.007,0.378836,-3.32013
5.008,0.375514,-3.32341
5.009,0.372189,-3.32666
5.01,0.368861,-3.32988
5.011,0.365529,-3.33307
5.012,0.362195,-3.33623
5.013,0.358857,-3.33935
5.014,0.355516,-3.34245
5.015,0.352172,-3.34551
5.016,0.348825,-3.34855
5.017,0.345475,-3.35155
5.018,0.342122,-3.35452
5.019,0.338766,-3.35746
5.02,0.335407,-3.36037
5.021,0.332045,-3.36325
5.022,0.32868,-3.36609
5.023,0.325313,-3.36891
5.024,0.321943,-3.37169
5.025,0.318569,-3.37444
5.026,0.315194,-3.37716
5.027,0.311815,-3.37985
5.028,0.308434,-3.3825
5.029,0.30505,-3.38513
5.03,0.301664,-3.38772
5.031,0.298275,-3.39028
5.032,0.294883,-3.39281
5.033,0.291489,-3.3953
5.034,0.288093,-3.39777
5.035,0.284694,-3.4002
5.036,0.281292,-3.4026
5.037,0.277888,-3.40496
5.038,0.274482,-3.4073
5.039,0.271074,-3.4096
5.04,0.267663,-3.41187
5.041,0.26425,-3.41411
5.042,0.260835,-3.41631
5.043,0.257418,-3.41848
5.044,0.253998,-3.42062
5.045,0.250576,-3.42273
5.046,0.247153,-3.4248
5.047,0.243727,-3.42684
5.048,0.240299,-3.42885
5.049,0.236869,-3.43083
5.05,0.233437,-3.43277
5.051,0.230003,-3.43468
5.052,0.226568,-3.43656
5.053,0.22313,-3.4384
5.054,0.219691,-3.44021
5.055,0.21625,-3.44199
5.056,0.212807,-3.44373
5.057,0.209363,-3.44544
5.058,0.205916,-3.44712
5.059,0.202468,-3.44876
5.06,0.199019,-3.45038
5.061,0.195568,-3.45195
5.062,0.192115,-3.4535
5.063,0.188661,-3.45501
5.064,0.185205,-3.45649
5.065,0.181748,-3.45793
5.066,0.178289,-3.45934
5.067,0.174829,-3.46072
5.068,0.171368,-3.46206
5.069,0.167905,-3.46337
5.07,0.164441,-3.46465
5.071,0.160976,-3.46589
5.072,0.157509,-3.4671
5.073,0.154041,-3.46827
5.074,0.150572,-3.46942
5.075,0.147103,-3.47052
5.076,0.143631,-3.4716
5.077,0.140159,-3.47264
5.078,0.136686,-3.47364
5.079,0.133212,-3.47462
5.08,0.129737,-3.47556
5.081,0.126261,-3.47646
5.082,0.122784,-3.47733
5.083,0.119306,-3.47817
5.084,0.115828,-3.47897
5.085,0.112348,-3.47974
5.086,0.108868,-3.48047
5.087,0.105387,-3.48117
5.088,0.101906,-3.48184
5.089,0.0984238,-3.48247
5.09,0.094941,-3.48307
5.091,0.0914576,-3.48364
5.092,0.0879737,-3.48417
5.093,0.0844893,-3.48466
5.094,0.0810044,-3.48513
5.095,0.0775191,-3.48556
5.096,0.0740333,-3.48595
5.097,0.0705472,-3.48631
5.098,0.0670607,-3.48663
5.099,0.0635739,-3.48693
5.1,0.0600869,-3.48718
5.101,0.0565996,-3.48741
5.102,0.0531121,-3.4876
5.103,0.0496244,-3.48775
5.104,0.0461366,-3.48787
5.105,0.0426486,-3.48796
5.106,0.0391607,-3.48801
5.107,0.0356726,-3.48803
5.108,0.0321846,-3.48801
5.109,0.0286966,-3.48796
5.11,0.0252087,-3.48788
5.111,0.0217209,-3.48776
5.112,0.0182332,-3.48761
5.113,0.0147457,-3.48742
5.114,0.0112584,-3.4872
5.115,0.00777128,-3.48694
5.116,0.00428448,-3.48665
5.117,0.000797986,-3.48633
5.118,-0.00268817,-3.48597
5.119,-0.00617395,-3.48558
5.12,-0.00965932,-3.48515
5.121,-0.0131442,-3.48469
5.122,-0.0166287,-3.4842
5.123,-0.0201126,-3.48367
5.124,-0.023596,-3.48311
5.125,-0.0270788,-3.48251
5.126,-0.030561,-3.48188
5.127,-0.0340426,-3.48122
5.128,-0.0375235,-3.48052
5.129,-0.0410036,-3.47978
5.13,-0.044483,-3.47902
5.131,-0.0479616,-3.47821
5.132,-0.0514394,-3.47738
5.133,-0.0549164,-3.47651
5.134,-0.0583924,-3.47561
5.135,-0.0618676,-3.47467
5.136,-0.0653418,-3.4737
5.137,-0.068815,-3.47269
5.138,-0.0722871,-3.47166
5.139,-0.0757583,-3.47058
5.14,-0.0792283,-3.46948
5.141,-0.0826972,-3.46834
5.142,-0.086165,-3.46716
5.143,-0.0896315,-3.46595
5.144,-0.0930969,-3.46471
5.145,-0.0965609,-3.46344
5.146,-0.100024,-3.46213
5.147,-0.103485,-3.46079
5.148,-0.106945,-3.45941
5.149,-0.110404,-3.458
5.15,-0.113861,-3.45656
5.151,-0.117317,-3.45508
5.152,-0.120771,-3.45357
5.153,-0.124224,-3.45203
5.154,-0.127675,-3.45045
5.155,-0.131125,-3.44884
5.156,-0.134573,-3.44719
5.157,-0.138019,-3.44552
5.158,-0.141464,-3.4438
5.159,-0.144907,-3.44206
5.16,-0.148348,-3.44028
5.161,-0.151788,-3.43847
5.162,-0.155225,-3.43663
5.163,-0.158661,-3.43475
5.164,-0.162095,-3.43284
5.165,-0.165527,-3.4309
5.166,-0.168956,-3.42892
5.167,-0.172384,-3.42691
5.168,-0.17581,-3.42487
5.169,-0.179234,-3.4228
5.17,-0.182656,-3.42069
5.171,-0.186075,-3.41855
5.172,-0.189493,-3.41638
5.173,-0.192908,-3.41417
5.174,-0.196321,-3.41193
5.175,-0.199732,-3.40966
5.176,-0.203141,-3.40736
5.177,-0.206547,-3.40502
5.178,-0.209951,-3.40265
5.179,-0.213352,-3.40025
5.18,-0.216751,-3.39782
5.181,-0.220148,-3.39535
5.182,-0.223542,-3.39285
5.183,-0.226933,-3.39032
5.184,-0.230322,-3.38776
5.185,-0.233709,-3.38517
5.186,-0.237093,-3.38254
5.187,-0.240474,-3.37988
5.188,-0.243853,-3.37719
5.189,-0.247228,-3.37447
5.19,-0.250601,-3.37172
5.191,-0.253972,-3.36893
5.192,-0.257339,-3.36611
5.193,-0.260704,-3.36326
5.194,-0.264066,-3.36038
5.195,-0.267425,-3.35747
5.196,-0.270781,-3.35453
5.197,-0.274134,-3.35155
5.198,-0.277484,-3.34855
5.199,-0.280831,-3.34551
5.2,-0.284175,-3.34244
5.201,-0.287516,-3.33934
5.202,-0.290854,-3.33621
5.203,-0.294188,-3.33304
5.204,-0.29752,-3.32985
5.205,-0.300848,-3.32663
5.206,-0.304173,-3.32337
5.207,-0.307495,-3.32009
5.208,-0.310813,-3.31677
5.209,-0.314128,-3.31342
5.21,-0.31744,-3.31004
5.211,-0.320748,-3.30664
5.212,-0.324053,-3.3032
5.213,-0.327355,-3.29973
5.214,-0.330653,-3.29623
5.215,-0.333947,-3.2927
5.216,-0.337238,-3.28914
5.217,-0.340525,-3.28555
5.218,-0.343809,-3.28193
5.219,-0.347089,-3.27828
5.22,-0.350366,-3.2746
5.221,-0.353638,-3.27089
5.222,-0.356907,-3.26715
5.223,-0.360173,-3.26338
5.224,-0.363434,-3.25958
5.225,-0.366692,-3.25576
5.226,-0.369946,-3.2519
5.227,-0.373196,-3.24801
5.228,-0.376442,-3.2441
5.229,-0.379684,-3.24015
5.23,-0.382922,-3.23618
5.231,-0.386156,-3.23217
5.232,-0.389386,-3.22814
5.233,-0.392612,-3.22408
5.234,-0.395834,-3.21999
5.235,-0.399052,-3.21587
5.236,-0.402266,-3.21172
5.237,-0.405476,-3.20755
5.238,-0.408681,-3.20334
5.239,-0.411882,-3.19911
5.24,-0.415079,-3.19485
5.241,-0.418272,-3.19056
5.242,-0.421461,-3.18624
5.243,-0.424645,-3.18189
5.244,-0.427824,-3.17752
5.245,-0.431,-3.17312
5.246,-0.434171,-3.16869
5.247,-0.437337,-3.16423
5.248,-0.440499,-3.15975
5.249,-0.443656,-3.15523
5.25,-0.446809,-3.15069
5.251,-0.449958,-3.14613
5.252,-0.453102,-3.14153
5.253,-0.456241,-3.13691
5.254,-0.459375,-3.13226
5.255,-0.462505,-3.12758
5.256,-0.465631,-3.12288
5.257,-0.468751,-3.11815
5.258,-0.471867,-3.11339
5.259,-0.474978,-3.10861
5.26,-0.478084,-3.1038
5.261,-0.481186,-3.09896
5.262,-0.484282,-3.0941
5.263,-0.487374,-3.08921
5.264,-0.49046,-3.08429
5.265,-0.493542,-3.07935
5.266,-0.496619,-3.07438
5.267,-0.499691,-3.06939
5.268,-0.502758,-3.06437
5.269,-0.50582,-3.05932
5.27,-0.508877,-3.05425
5.271,-0.511928,-3.04915
5.272,-0.514975,-3.04403
5.273,-0.518016,-3.03888
5.274,-0.521053,-3.0337
5.275,-0.524084,-3.0285
5.276,-0.52711,-3.02328
5.277,-0.53013,-3.01803
5.278,-0.533146,-3.01276
5.279,-0.536156,-3.00746
5.28,-0.539161,-3.00213
5.281,-0.54216,-2.99678
5.282,-0.545154,-2.99141
5.283,-0.548143,-2.98601
5.284,-0.551126,-2.98059
5.285,-0.554104,-2.97514
5.286,-0.557076,-2.96967
5.287,-0.560043,-2.96417
5.288,-0.563005,-2.95865
5.289,-0.565961,-2.95311
5.29,-0.568911,-2.94754
5.291,-0.571856,-2.94195
5.292,-0.574795,-2.93634
5.293,-0.577728,-2.9307
5.294,-0.580656,-2.92503
5.295,-0.583578,-2.91935
5.296,-0.586495,-2.91364
5.297,-0.589406,-2.90791
5.298,-0.592311,-2.90215
5.299,-0.59521,-2.89637
5.3,-0.598103,-2.89057
5.301,-0.600991,-2.88475
5.302,-0.603873,-2.8789
5.303,-0.606749,-2.87303
5.304,-0.609619,-2.86714
5.305,-0.612483,-2.86122
5.306,-0.615341,-2.85529
5.307,-0.618194,-2.84933
5.308,-0.62104,-2.84335
5.309,-0.62388,-2.83734
5.31,-0.626715,-2.83132
5.311,-0.629543,-2.82527
5.312,-0.632365,-2.8192
5.313,-0.635181,-2.81311
5.314,-0.637992,-2.807
5.315,-0.640795,-2.80086
5.316,-0.643593,-2.79471
5.317,-0.646385,-2.78853
5.318,-0.64917,-2.78233
5.319,-0.65195,-2.77611
5.32,-0.654723,-2.76987
5.321,-0.657489,-2.76361
5.322,-0.66025,-2.75733
5.323,-0.663004,-2.75103
5.324,-0.665752,-2.7447
5.325,-0.668493,-2.73836
5.326,-0.671228,-2.732
5.327,-0.673957,-2.72561
5.328,-0.67668,-2.71921
5.329,-0.679396,-2.71278
5.33,-0.682105,-2.70634
5.331,-0.684808,-2.69987
5.332,-0.687505,-2.69339
5.333,-0.690195,-2.68688
5.334,-0.692879,-2.68036
5.335,-0.695556,-2.67381
5.336,-0.698226,-2.66725
5.337,-0.70089,-2.66067
5.338,-0.703548,-2.65406
5.339,-0.706198,-2.64744
5.34,-0.708843,-2.6408
5.341,-0.71148,-2.63414
5.342,-0.714111,-2.62746
5.343,-0.716735,-2.62077
5.344,-0.719352,-2.61405
5.345,-0.721963,-2.60732
5.346,-0.724567,-2.60056
5.347,-0.727164,-2.59379
5.348,-0.729755,-2.587
5.349,-0.732338,-2.58019
5.35,-0.734915,-2.57337
5.351,-0.737485,-2.56652
5.352,-0.740048,-2.55966
5.353,-0.742604,-2.55278
5.354,-0.745154,-2.54588
5.355,-0.747696,-2.53897
5.356,-0.750232,-2.53204
5.357,-0.75276,-2.52509
5.358,-0.755282,-2.51812
5.359,-0.757796,-2.51113
5.36,-0.760304,-2.50413
5.361,-0.762805,-2.49711
5.362,-0.765298,-2.49007
5.363,-0.767785,-2.48302
5.364,-0.770264,-2.47595
5.365,-0.772737,-2.46886
5.366,-0.775202,-2.46176
5.367,-0.77766,-2.45464
5.368,-0.780111,-2.4475
5.369,-0.782555,-2.44035
5.37,-0.784992,-2.43318
5.371,-0.787421,-2.426
5.372,-0.789844,-2.4188
5.373,-0.792259,-2.41158
5.374,-0.794667,-2.40434
5.375,-0.797068,-2.3971
5.376,-0.799461,-2.38983
5.377,-0.801847,-2.38255
5.378,-0.804226,-2.37525
5.379,-0.806598,-2.36794
5.38,-0.808962,-2.36062
5.381,-0.811319,-2.35328
5.382,-0.813669,-2.34592
5.383,-0.816011,-2.33855
5.384,-0.818346,-2.33116
5.385,-0.820673,-2.32376
5.386,-0.822993,-2.31634
5.387,-0.825306,-2.30891
5.388,-0.827611,-2.30146
5.389,-0.829909,-2.294
5.39,-0.832199,-2.28653
5.391,-0.834482,-2.27904
5.392,-0.836757,-2.27153
5.393,-0.839025,-2.26402
5.394,-0.841285,-2.25648
5.395,-0.843538,-2.24894
5.396,-0.845783,-2.24138
5.397,-0.848021,-2.2338
5.398,-0.850251,-2.22622
5.399,-0.852473,-2.21862
5.4,-0.854688,-2.211
5.401,-0.856895,-2.20337
5.402,-0.859095,-2.19573
5.403,-0.861287,-2.18808
5.404,-0.863471,-2.18041
5.405,-0.865647,-2.17273
5.406,-0.867816,-2.16503
5.407,-0.869977,-2.15733
5.408,-0.872131,-2.14961
5.409,-0.874277,-2.14187
5.41,-0.876415,-2.13413
5.411,-0.878545,-2.12637
5.412,-0.880667,-2.1186
5.413,-0.882782,-2.11081
5.414,-0.884889,-2.10302
5.415,-0.886988,-2.09521
5.416,-0.889079,-2.08739
5.417,-0.891163,-2.07956
5.418,-0.893239,-2.07171
5.419,-0.895306,-2.06386
5.42,-0.897366,-2.05599
5.421,-0.899418,-2.04811
5.422,-0.901462,-2.04022
5.423,-0.903499,-2.03232
5.424,-0.905527,-2.0244
5.425,-0.907548,-2.01648
5.426,-0.90956,-2.00854
5.427,-0.911565,-2.00059
5.428,-0.913561,-1.99263
5.429,-0.91555,-1.98466
5.43,-0.917531,-1.97668
5.431,-0.919503,-1.96868
5.432,-0.921468,-1.96068
5.433,-0.923425,-1.95266
5.434,-0.925373,-1.94464
5.435,-0.927314,-1.9366
5.436,-0.929246,-1.92855
5.437,-0.931171,-1.9205
5.438,-0.933087,-1.91243
5.439,-0.934996,-1.90435
5.44,-0.936896,-1.89626
5.441,-0.938788,-1.88816
5.442,-0.940672,-1.88005
5.443,-0.942548,-1.87193
5.444,-0.944416,-1.8638
5.445,-0.946276,-1.85567
5.446,-0.948128,-1.84752
5.447,-0.949971,-1.83936
5.448,-0.951806,-1.83119
5.449,-0.953633,-1.82301
5.45,-0.955452,-1.81483
5.451,-0.957263,-1.80663
5.452,-0.959066,-1.79842
5.453,-0.96086,-1.79021
5.454,-0.962646,-1.78198
5.455,-0.964424,-1.77375
5.456,-0.966194,-1.7655
5.457,-0.967955,-1.75725
5.458,-0.969708,-1.74899
5.459,-0.971453,-1.74072
5.46,-0.973189,-1.73244
5.461,-0.974918,-1.72416
5.462,-0.976638,-1.71586
5.463,-0.978349,-1.70756
5.464,-0.980053,-1.69924
5.465,-0.981748,-1.69092
5.466,-0.983435,-1.68259
5.467,-0.985113,-1.67425
5.468,-0.986783,-1.66591
5.469,-0.988445,-1.65755
5.47,-0.990098,-1.64919
5.471,-0.991743,-1.64082
5.472,-0.99338,-1.63244
5.473,-0.995008,-1.62405
5.474,-0.996628,-1.61566
5.475,-0.998239,-1.60725
5.476,-0.999843,-1.59884
5.477,-1.00144,-1.59043
5.478,-1.00302,-1.582
5.479,-1.0046,-1.57357
5.48,-1.00617,-1.56513
5.481,-1.00773,-1.55668
5.482,-1.00928,-1.54823
5.483,-1.01083,-1.53976
5.484,-1.01236,-1.5313
5.485,-1.01389,-1.52282
5.486,-1.01541,-1.51434
5.487,-1.01692,-1.50584
5.488,-1.01842,-1.49735
5.489,-1.01991,-1.48884
5.49,-1.0214,-1.48033
5.491,-1.02287,-1.47181
5.492,-1.02434,-1.46329
5.493,-1.0258,-1.45476
5.494,-1.02725,-1.44622
5.495,-1.02869,-1.43768
5.496,-1.03013,-1.42913
5.497,-1.03155,-1.42057
5.498,-1.03297,-1.41201
5.499,-1.03438,-1.40344
5.5,-1.03577,-1.39486
5.501,-1.03717,-1.38628
5.502,-1.03855,-1.37769
5.503,-1.03992,-1.3691
5.504,-1.04129,-1.3605
5.505,-1.04264,-1.35189
5.506,-1.04399,-1.34328
5.507,-1.04533,-1.33467
5.508,-1.04666,-1.32604
5.509,-1.04798,-1.31741
5.51,-1.04929,-1.30878
5.511,-1.0506,-1.30014
5.512,-1.05189,-1.2915
5.513,-1.05318,-1.28284
5.514,-1.05446,-1.27419
5.515,-1.05573,-1.26553
5.516,-1.05699,-1.25686
5.517,-1.05824,-1.24819
5.518,-1.05949,-1.23951
5.519,-1.06072,-1.23083
5.52,-1.06195,-1.22214
5.521,-1.06317,-1.21345
5.522,-1.06438,-1.20476
5.523,-1.06558,-1.19605
5.524,-1.06677,-1.18735
5.525,-1.06795,-1.17864
5.526,-1.06912,-1.16992
5.527,-1.07029,-1.1612
5.528,-1.07145,-1.15248
5.529,-1.0726,-1.14375
5.53,-1.07373,-1.13501
5.531,-1.07487,-1.12627
5.532,-1.07599,-1.11753
5.533,-1.0771,-1.10878
5.534,-1.0782,-1.10003
5.535,-1.0793,-1.09128
5.536,-1.08039,-1.08252
5.537,-1.08147,-1.07375
5.538,-1.08254,-1.06498
5.539,-1.0836,-1.05621
5.54,-1.08465,-1.04743
5.541,-1.08569,-1.03865
5.542,-1.08672,-1.02987
5.543,-1.08775,-1.02108
5.544,-1.08877,-1.01229
5.545,-1.08977,-1.0035
5.546,-1.09077,-0.994697
5.547,-1.09176,-0.985894
5.548,-1.09275,-0.977088
5.549,-1.09372,-0.968278
5.55,-1.09468,-0.959465
5.551,-1.09564,-0.950648
5.552,-1.09658,-0.941828
5.553,-1.09752,-0.933005
5.554,-1.09845,-0.924178
5.555,-1.09937,-0.915349
5.556,-1.10028,-0.906516
5.557,-1.10118,-0.897679
5.558,-1.10208,-0.88884
5.559,-1.10296,-0.879998
5.56,-1.10384,-0.871152
5.561,-1.1047,-0.862304
5.562,-1.10556,-0.853453
5.563,-1.10641,-0.844599
5.564,-1.10725,-0.835742
5.565,-1.10808,-0.826882
5.566,-1.1089,-0.818019
5.567,-1.10972,-0.809154
5.568,-1.11052,-0.800286
5.569,-1.11132,-0.791416
5.57,-1.1121,-0.782543
5.571,-1.11288,-0.773668
5.572,-1.11365,-0.76479
5.573,-1.11441,-0.755909
5.574,-1.11516,-0.747027
5.575,-1.11591,-0.738142
5.576,-1.11664,-0.729254
5.577,-1.11736,-0.720365
5.578,-1.11808,-0.711473
5.579,-1.11879,-0.702579
5.58,-1.11949,-0.693683
5.581,-1.12017,-0.684784
5.582,-1.12086,-0.675884
5.583,-1.12153,-0.666982
5.584,-1.12219,-0.658078
5.585,-1.12284,-0.649172
5.586,-1.12349,-0.640264
5.587,-1.12412,-0.631354
5.588,-1.12475,-0.622443
5.589,-1.12537,-0.613529
5.59,-1.12598,-0.604614
5.591,-1.12658,-0.595698
5.592,-1.12717,-0.586779
5.593,-1.12775,-0.577859
5.594,-1.12832,-0.568938
5.595,-1.12889,-0.560015
5.596,-1.12944,-0.551091
5.597,-1.12999,-0.542165
5.598,-1.13053,-0.533238
5.599,-1.13106,-0.524309
5.6,-1.13158,-0.51538
5.601,-1.13209,-0.506449
5.602,-1.13259,-0.497516
5.603,-1.13308,-0.488583
5.604,-1.13357,-0.479648
5.605,-1.13404,-0.470713
5.606,-1.13451,-0.461776
5.607,-1.13497,-0.452838
5.608,-1.13541,-0.443899
5.609,-1.13585,-0.43496
5.61,-1.13628,-0.426019
5.611,-1.13671,-0.417078
5.612,-1.13712,-0.408136
5.613,-1.13752,-0.399192
5.614,-1.13792,-0.390249
5.615,-1.1383,-0.381304
5.616,-1.13868,-0.372359
5.617,-1.13905,-0.363413
5.618,-1.13941,-0.354467
5.619,-1.13976,-0.34552
5.62,-1.1401,-0.336572
5.621,-1.14043,-0.327624
5.622,-1.14075,-0.318676
5.623,-1.14107,-0.309727
5.624,-1.14137,-0.300778
5.625,-1.14167,-0.291828
5.626,-1.14196,-0.282878
5.627,-1.14223,-0.273928
5.628,-1.1425,-0.264978
5.629,-1.14276,-0.256027
5.63,-1.14302,-0.247077
5.631,-1.14326,-0.238126
5.632,-1.14349,-0.229175
5.633,-1.14372,-0.220224
5.634,-1.14393,-0.211273
5.635,-1.14414,-0.202323
5.636,-1.14434,-0.193372
5.637,-1.14453,-0.184421
5.638,-1.14471,-0.175471
5.639,-1.14488,-0.16652
5.64,-1.14504,-0.15757
5.641,-1.14519,-0.14862
5.642,-1.14534,-0.139671
5.643,-1.14547,-0.130722
5.644,-1.1456,-0.121773
5.645,-1.14571,-0.112824
5.646,-1.14582,-0.103876
5.647,-1.14592,-0.0949287
5.648,-1.14601,-0.0859817
5.649,-1.14609,-0.0770352
5.65,-1.14617,-0.0680893
5.651,-1.14623,-0.059144
5.652,-1.14629,-0.0501994
5.653,-1.14633,-0.0412555
5.654,-1.14637,-0.0323123
5.655,-1.1464,-0.0233698
5.656,-1.14641,-0.0144282
5.657,-1.14642,-0.00548738
5.658,-1.14643,0.00345256
5.659,-1.14642,0.0123916
5.66,-1.1464,0.0213297
5.661,-1.14638,0.0302668
5.662,-1.14634,0.0392029
5.663,-1.1463,0.0481379
5.664,-1.14624,0.0570719
5.665,-1.14618,0.0660047
5.666,-1.14611,0.0749363
5.667,-1.14603,0.0838668
5.668,-1.14594,0.092796
5.669,-1.14585,0.101724
5.67,-1.14574,0.110651
5.671,-1.14563,0.119576
5.672,-1.1455,0.1285
5.673,-1.14537,0.137422
5.674,-1.14523,0.146344
5.675,-1.14508,0.155263
5.676,-1.14492,0.164181
5.677,-1.14475,0.173098
5.678,-1.14457,0.182013
5.679,-1.14438,0.190926
5.68,-1.14419,0.199838
5.681,-1.14398,0.208748
5.682,-1.14377,0.217656
5.683,-1.14355,0.226562
5.684,-1.14332,0.235467
5.685,-1.14308,0.24437
5.686,-1.14283,0.25327
5.687,-1.14257,0.262169
5.688,-1.1423,0.271066
5.689,-1.14203,0.279961
5.69,-1.14174,0.288854
5.691,-1.14145,0.297745
5.692,-1.14115,0.306634
5.693,-1.14084,0.315521
5.694,-1.14052,0.324405
5.695,-1.14019,0.333287
5.696,-1.13985,0.342167
5.697,-1.13951,0.351045
5.698,-1.13915,0.359921
5.699,-1.13879,0.368794
5.7,-1.13841,0.377664
5.701,-1.13803,0.386532
5.702,-1.13764,0.395398
5.703,-1.13724,0.404261
5.704,-1.13683,0.413122
5.705,-1.13641,0.42198
5.706,-1.13599,0.430835
5.707,-1.13555,0.439688
5.708,-1.13511,0.448538
5.709,-1.13465,0.457386
5.71,-1.13419,0.46623
5.711,-1.13372,0.475072
5.712,-1.13324,0.483911
5.713,-1.13275,0.492747
5.714,-1.13226,0.50158
5.715,-1.13175,0.51041
5.716,-1.13124,0.519237
5.717,-1.13071,0.528061
5.718,-1.13018,0.536882
5.719,-1.12964,0.545699
5.72,-1.12909,0.554514
5.721,-1.12853,0.563325
5.722,-1.12796,0.572134
5.723,-1.12739,0.580938
5.724,-1.1268,0.58974
5.725,-1.12621,0.598538
5.726,-1.1256,0.607333
5.727,-1.12499,0.616124
5.728,-1.12437,0.624912
5.729,-1.12374,0.633696
5.73,-1.1231,0.642477
5.731,-1.12246,0.651254
5.732,-1.1218,0.660028
5.733,-1.12114,0.668798
5.734,-1.12046,0.677564
5.735,-1.11978,0.686326
5.736,-1.11909,0.695085
5.737,-1.11839,0.703839
5.738,-1.11768,0.71259
5.739,-1.11697,0.721337
5.74,-1.11624,0.73008
5.741,-1.11551,0.738819
5.742,-1.11476,0.747553
5.743,-1.11401,0.756284
5.744,-1.11325,0.76501
5.745,-1.11248,0.773733
5.746,-1.1117,0.782451
5.747,-1.11092,0.791165
5.748,-1.11012,0.799874
5.749,-1.10932,0.808579
5.75,-1.1085,0.81728
5.751,-1.10768,0.825976
5.752,-1.10685,0.834668
5.753,-1.10601,0.843356
5.754,-1.10516,0.852038
5.755,-1.10431,0.860716
5.756,-1.10344,0.86939
5.757,-1.10257,0.878058
5.758,-1.10169,0.886722
5.759,-1.1008,0.895382
5.76,-1.0999,0.904036
5.761,-1.09899,0.912685
5.762,-1.09807,0.92133
5.763,-1.09714,0.929969
5.764,-1.09621,0.938604
5.765,-1.09527,0.947233
5.766,-1.09432,0.955858
5.767,-1.09336,0.964477
5.768,-1.09239,0.973091
5.769,-1.09141,0.981699
5.77,-1.09042,0.990303
5.771,-1.08943,0.998901
5.772,-1.08843,1.00749
5.773,-1.08741,1.01608
5.774,-1.08639,1.02466
5.775,-1.08536,1.03324
5.776,-1.08433,1.04181
5.777,-1.08328,1.05037
5.778,-1.08223,1.05893
5.779,-1.08116,1.06749
5.78,-1.08009,1.07603
5.781,-1.07901,1.08458
5.782,-1.07792,1.09311
5.783,-1.07683,1.10164
5.784,-1.07572,1.11017
5.785,-1.0746,1.11868
5.786,-1.07348,1.1272
5.787,-1.07235,1.1357
5.788,-1.07121,1.1442
5.789,-1.07006,1.1527
5.79,-1.0689,1.16118
5.791,-1.06774,1.16966
5.792,-1.06657,1.17814
5.793,-1.06538,1.18661
5.794,-1.06419,1.19507
5.795,-1.06299,1.20352
5.796,-1.06179,1.21197
5.797,-1.06057,1.22041
5.798,-1.05934,1.22885
5.799,-1.05811,1.23728
5.8,-1.05687,1.2457
5.801,-1.05562,1.25411
5.802,-1.05436,1.26252
5.803,-1.0531,1.27092
5.804,-1.05182,1.27932
5.805,-1.05054,1.2877
5.806,-1.04924,1.29608
5.807,-1.04794,1.30445
5.808,-1.04664,1.31282
5.809,-1.04532,1.32118
5.81,-1.04399,1.32953
5.811,-1.04266,1.33787
5.812,-1.04132,1.34621
5.813,-1.03997,1.35454
5.814,-1.03861,1.36286
5.815,-1.03724,1.37117
5.816,-1.03587,1.37948
5.817,-1.03448,1.38777
5.818,-1.03309,1.39606
5.819,-1.03169,1.40435
5.82,-1.03028,1.41262
5.821,-1.02887,1.42089
5.822,-1.02744,1.42914
5.823,-1.02601,1.43739
5.824,-1.02457,1.44564
5.825,-1.02312,1.45387
5.826,-1.02166,1.4621
5.827,-1.02019,1.47031
5.828,-1.01872,1.47852
5.829,-1.01723,1.48672
5.83,-1.01574,1.49491
5.831,-1.01424,1.5031
5.832,-1.01274,1.51127
5.833,-1.01122,1.51944
5.834,-1.0097,1.5276
5.835,-1.00817,1.53575
5.836,-1.00663,1.54389
5.837,-1.00508,1.55202
5.838,-1.00352,1.56014
5.839,-1.00196,1.56825
5.84,-1.00039,1.57635
5.841,-0.998806,1.58445
5.842,-0.997218,1.59254
5.843,-0.995621,1.60061
5.844,-0.994016,1.60868
5.845,-0.992404,1.61674
5.846,-0.990783,1.62478
5.847,-0.989154,1.63282
5.848,-0.987517,1.64085
5.849,-0.985872,1.64887
5.85,-0.98422,1.65688
5.851,-0.982559,1.66488
5.852,-0.98089,1.67287
5.853,-0.979213,1.68085
5.854,-0.977528,1.68882
5.855,-0.975835,1.69678
5.856,-0.974135,1.70473
5.857,-0.972426,1.71267
5.858,-0.970709,1.7206
5.859,-0.968985,1.72851
5.86,-0.967252,1.73642
5.861,-0.965512,1.74432
5.862,-0.963764,1.75221
5.863,-0.962007,1.76009
5.864,-0.960243,1.76795
5.865,-0.958471,1.77581
5.866,-0.956692,1.78365
5.867,-0.954904,1.79149
5.868,-0.953109,1.79931
5.869,-0.951306,1.80712
5.87,-0.949495,1.81492
5.871,-0.947676,1.82271
5.872,-0.945849,1.83049
5.873,-0.944015,1.83826
5.874,-0.942173,1.84601
5.875,-0.940323,1.85376
5.876,-0.938465,1.86149
5.877,-0.9366,1.86921
5.878,-0.934727,1.87692
5.879,-0.932846,1.88462
5.88,-0.930957,1.8923
5.881,-0.929061,1.89998
5.882,-0.927158,1.90764
5.883,-0.925246,1.91529
5.884,-0.923327,1.92293
5.885,-0.9214,1.93056
5.886,-0.919466,1.93817
5.887,-0.917524,1.94577
5.888,-0.915574,1.95336
5.889,-0.913617,1.96094
5.89,-0.911652,1.9685
5.891,-0.90968,1.97605
5.892,-0.9077,1.98359
5.893,-0.905713,1.99112
5.894,-0.903718,1.99863
5.895,-0.901716,2.00613
5.896,-0.899706,2.01362
5.897,-0.897688,2.0211
5.898,-0.895664,2.02856
5.899,-0.893631,2.03601
5.9,-0.891592,2.04344
5.901,-0.889544,2.05086
5.902,-0.88749,2.05827
5.903,-0.885428,2.06567
5.904,-0.883359,2.07305
5.905,-0.881282,2.08042
5.906,-0.879198,2.08777
5.907,-0.877106,2.09511
5.908,-0.875008,2.10244
5.909,-0.872901,2.10975
5.91,-0.870788,2.11705
5.911,-0.868667,2.12433
5.912,-0.866539,2.1316
5.913,-0.864404,2.13886
5.914,-0.862262,2.1461
5.915,-0.860112,2.15333
5.916,-0.857955,2.16054
5.917,-0.855791,2.16774
5.918,-0.85362,2.17492
5.919,-0.851441,2.18209
5.92,-0.849255,2.18924
5.921,-0.847063,2.19638
5.922,-0.844863,2.20351
5.923,-0.842656,2.21061
5.924,-0.840441,2.21771
5.925,-0.83822,2.22479
5.926,-0.835992,2.23185
5.927,-0.833756,2.2389
5.928,-0.831514,2.24593
5.929,-0.829265,2.25295
5.93,-0.827008,2.25995
5.931,-0.824745,2.26693
5.932,-0.822474,2.2739
5.933,-0.820197,2.28086
5.934,-0.817913,2.28779
5.935,-0.815621,2.29472
5.936,-0.813323,2.30162
5.937,-0.811018,2.30851
5.938,-0.808706,2.31538
5.939,-0.806387,2.32224
5.94,-0.804062,2.32908
5.941,-0.801729,2.3359
5.942,-0.79939,2.34271
5.943,-0.797044,2.3495
5.944,-0.794691,2.35628
5.945,-0.792331,2.36303
5.946,-0.789965,2.36977
5.947,-0.787592,2.3765
5.948,-0.785212,2.3832
5.949,-0.782825,2.38989
5.95,-0.780432,2.39656
5.951,-0.778032,2.40321
5.952,-0.775626,2.40985
5.953,-0.773212,2.41647
5.954,-0.770793,2.42307
5.955,-0.768366,2.42965
5.956,-0.765933,2.43622
5.957,-0.763494,2.44277
5.958,-0.761048,2.4493
5.959,-0.758595,2.45581
5.96,-0.756136,2.4623
5.961,-0.753671,2.46878
5.962,-0.751199,2.47524
5.963,-0.74872,2.48167
5.964,-0.746235,2.48809
5.965,-0.743744,2.4945
5.966,-0.741246,2.50088
5.967,-0.738742,2.50724
5.968,-0.736232,2.51359
5.969,-0.733715,2.51992
5.97,-0.731192,2.52622
5.971,-0.728663,2.53251
5.972,-0.726127,2.53878
5.973,-0.723585,2.54503
5.974,-0.721037,2.55126
5.975,-0.718483,2.55747
5.976,-0.715922,2.56367
5.977,-0.713355,2.56984
5.978,-0.710782,2.57599
5.979,-0.708203,2.58212
5.98,-0.705618,2.58824
5.981,-0.703027,2.59433
5.982,-0.700429,2.6004
5.983,-0.697826,2.60646
5.984,-0.695217,2.61249
5.985,-0.692601,2.6185
5.986,-0.68998,2.62449
5.987,-0.687352,2.63046
5.988,-0.684719,2.63641
5.989,-0.682079,2.64235
5.99,-0.679434,2.64825
5.991,-0.676783,2.65414
5.992,-0.674126,2.66001
5.993,-0.671463,2.66586
5.994,-0.668794,2.67168
5.995,-0.666119,2.67749
5.996,-0.663439,2.68327
5.997,-0.660753,2.68904
5.998,-0.658061,2.69478
5.999,-0.655363,2.7005
6,-0.65266,2.70619
6.001,-0.649951,2.71187
6.002,-0.647236,2.71752
6.003,-0.644516,2.72316
6.004,-0.64179,2.72877
6.005,-0.639058,2.73436
6.006,-0.636321,2.73992
6.007,-0.633579,2.74547
6.008,-0.63083,2.75099
6.009,-0.628077,2.75649
6.01,-0.625317,2.76197
6.011,-0.622553,2.76742
6.012,-0.619782,2.77285
6.013,-0.617007,2.77826
6.014,-0.614226,2.78365
6.015,-0.61144,2.78901
6.016,-0.608648,2.79436
6.017,-0.605851,2.79967
6.018,-0.603049,2.80497
6.019,-0.600241,2.81024
6.02,-0.597428,2.81549
6.021,-0.59461,2.82071
6.022,-0.591787,2.82591
6.023,-0.588958,2.83109
6.024,-0.586125,2.83625
6.025,-0.583286,2.84138
6.026,-0.580442,2.84649
6.027,-0.577593,2.85157
6.028,-0.574739,2.85663
6.029,-0.571879,2.86166
6.03,-0.569015,2.86667
6.031,-0.566146,2.87166
6.032,-0.563272,2.87662
6.033,-0.560393,2.88156
6.034,-0.557509,2.88648
6.035,-0.55462,2.89136
6.036,-0.551726,2.89623
6.037,-0.548828,2.90107
6.038,-0.545924,2.90588
6.039,-0.543016,2.91067
6.04,-0.540103,2.91544
6.041,-0.537185,2.92018
6.042,-0.534262,2.9249
6.043,-0.531335,2.92959
6.044,-0.528403,2.93425
6.045,-0.525467,2.93889
6.046,-0.522525,2.94351
6.047,-0.51958,2.94809
6.048,-0.516629,2.95266
6.049,-0.513674,2.95719
6.05,-0.510715,2.96171
6.051,-0.507751,2.96619
6.052,-0.504782,2.97065
6.053,-0.50181,2.97509
6.054,-0.498832,2.9795
6.055,-0.495851,2.98388
6.056,-0.492865,2.98823
6.057,-0.489874,2.99256
6.058,-0.486879,2.99687
6.059,-0.48388,3.00114
6.06,-0.480877,3.00539
6.061,-0.47787,3.00962
6.062,-0.474858,3.01381
6.063,-0.471842,3.01799
6.064,-0.468822,3.02213
6.065,-0.465798,3.02625
6.066,-0.462769,3.03034
6.067,-0.459737,3.0344
6.068,-0.456701,3.03843
6.069,-0.45366,3.04244
6.07,-0.450616,3.04642
6.071,-0.447567,3.05038
6.072,-0.444515,3.05431
6.073,-0.441459,3.0582
6.074,-0.438399,3.06208
6.075,-0.435335,3.06592
6.076,-0.432267,3.06974
6.077,-0.429195,3.07353
6.078,-0.42612,3.07729
6.079,-0.423041,3.08102
6.08,-0.419958,3.08473
6.081,-0.416871,3.0884
6.082,-0.413781,3.09205
6.083,-0.410687,3.09567
6.084,-0.40759,3.09927
6.085,-0.404489,3.10283
6.086,-0.401384,3.10637
6.087,-0.398276,3.10988
6.088,-0.395164,3.11335
6.089,-0.392049,3.11681
6.09,-0.388931,3.12023
6.091,-0.385809,3.12362
6.092,-0.382683,3.12699
6.093,-0.379555,3.13032
6.094,-0.376423,3.13363
6.095,-0.373288,3.13691
6.096,-0.370149,3.14016
6.097,-0.367007,3.14338
6.098,-0.363862,3.14657
6.099,-0.360714,3.14973
6.1,-0.357563,3.15286
6.101,-0.354408,3.15597
6.102,-0.351251,3.15904
6.103,-0.34809,3.16209
6.104,-0.344927,3.1651
6.105,-0.34176,3.16809
6.106,-0.338591,3.17104
6.107,-0.335418,3.17397
6.108,-0.332243,3.17687
6.109,-0.329064,3.17973
6.11,-0.325883,3.18257
6.111,-0.322699,3.18538
6.112,-0.319512,3.18816
6.113,-0.316323,3.1909
6.114,-0.313131,3.19362
6.115,-0.309936,3.19631
6.116,-0.306738,3.19897
6.117,-0.303538,3.20159
6.118,-0.300335,3.20419
6.119,-0.297129,3.20676
6.12,-0.293921,3.20929
6.121,-0.290711,3.2118
6.122,-0.287498,3.21427
6.123,-0.284282,3.21672
6.124,-0.281064,3.21913
6.125,-0.277844,3.22152
6.126,-0.274621,3.22387
6.127,-0.271396,3.22619
6.128,-0.268169,3.22848
6.129,-0.264939,3.23075
6.13,-0.261707,3.23298
6.131,-0.258473,3.23518
6.132,-0.255237,3.23734
6.133,-0.251999,3.23948
6.134,-0.248758,3.24159
6.135,-0.245516,3.24366
6.136,-0.242271,3.24571
6.137,-0.239024,3.24772
6.138,-0.235775,3.2497
6.139,-0.232525,3.25165
6.14,-0.229272,3.25357
6.141,-0.226018,3.25546
6.142,-0.222761,3.25732
6.143,-0.219503,3.25915
6.144,-0.216243,3.26094
6.145,-0.212981,3.2627
6.146,-0.209718,3.26443
6.147,-0.206452,3.26613
6.148,-0.203185,3.2678
6.149,-0.199917,3.26944
6.15,-0.196646,3.27105
6.151,-0.193375,3.27262
6.152,-0.190101,3.27416
6.153,-0.186826,3.27567
6.154,-0.18355,3.27715
6.155,-0.180272,3.2786
6.156,-0.176993,3.28001
6.157,-0.173712,3.2814
6.158,-0.17043,3.28275
6.159,-0.167146,3.28407
6.16,-0.163862,3.28536
6.161,-0.160576,3.28661
6.162,-0.157289,3.28783
6.163,-0.154,3.28903
6.164,-0.15071,3.29019
6.165,-0.14742,3.29131
6.166,-0.144128,3.29241
6.167,-0.140835,3.29347
6.168,-0.137541,3.29451
6.169,-0.134246,3.2955
6.17,-0.13095,3.29647
6.171,-0.127653,3.29741
6.172,-0.124355,3.29831
6.173,-0.121056,3.29918
6.174,-0.117757,3.30002
6.175,-0.114456,3.30083
6.176,-0.111155,3.3016
6.177,-0.107853,3.30234
6.178,-0.10455,3.30305
6.179,-0.101247,3.30373
6.18,-0.097943,3.30437
6.181,-0.0946383,3.30499
6.182,-0.091333,3.30557
6.183,-0.0880272,3.30612
6.184,-0.0847208,3.30663
6.185,-0.0814139,3.30711
6.186,-0.0781066,3.30757
6.187,-0.0747988,3.30798
6.188,-0.0714906,3.30837
6.189,-0.0681821,3.30872
6.19,-0.0648732,3.30904
6.191,-0.061564,3.30933
6.192,-0.0582545,3.30959
6.193,-0.0549448,3.30981
6.194,-0.0516349,3.31001
6.195,-0.0483248,3.31016
6.196,-0.0450146,3.31029
6.197,-0.0417043,3.31039
6.198,-0.0383938,3.31045
6.199,-0.0350834,3.31048
6.2,-0.0317729,3.31047
6.201,-0.0284624,3.31044
6.202,-0.025152,3.31037
6.203,-0.0218417,3.31027
6.204,-0.0185315,3.31014
6.205,-0.0152215,3.30997
6.206,-0.0119116,3.30977
6.207,-0.00860192,3.30954
6.208,-0.00529251,3.30928
6.209,-0.00198337,3.30898
6.21,0.00132545,3.30866
6.211,0.00463393,3.3083
6.212,0.00794203,3.3079
6.213,0.0112497,3.30748
6.214,0.014557,3.30702
6.215,0.0178638,3.30653
6.216,0.02117,3.30601
6.217,0.0244758,3.30546
6.218,0.0277809,3.30487
6.219,0.0310855,3.30425
6.22,0.0343894,3.3036
6.221,0.0376927,3.30291
6.222,0.0409952,3.3022
6.223,0.0442971,3.30145
6.224,0.0475981,3.30067
6.225,0.0508984,3.29986
6.226,0.0541978,3.29901
6.227,0.0574964,3.29813
6.228,0.0607941,3.29722
6.229,0.0640908,3.29628
6.23,0.0673866,3.29531
6.231,0.0706814,3.2943
6.232,0.0739752,3.29326
6.233,0.077268,3.29219
6.234,0.0805596,3.29109
6.235,0.0838501,3.28996
6.236,0.0871395,3.28879
6.237,0.0904277,3.28759
6.238,0.0937147,3.28636
6.239,0.0970004,3.2851
6.24,0.100285,3.2838
6.241,0.103568,3.28248
6.242,0.10685,3.28112
6.243,0.11013,3.27973
6.244,0.113409,3.27831
6.245,0.116687,3.27685
6.246,0.119963,3.27537
6.247,0.123238,3.27385
6.248,0.126511,3.2723
6.249,0.129782,3.27072
6.25,0.133052,3.26911
6.251,0.13632,3.26746
6.252,0.139587,3.26579
6.253,0.142852,3.26408
6.254,0.146115,3.26234
6.255,0.149377,3.26057
6.256,0.152636,3.25877
6.257,0.155894,3.25694
6.258,0.15915,3.25507
6.259,0.162404,3.25318
6.26,0.165656,3.25125
6.261,0.168907,3.24929
6.262,0.172155,3.2473
6.263,0.175401,3.24528
6.264,0.178646,3.24323
6.265,0.181888,3.24114
6.266,0.185128,3.23903
6.267,0.188366,3.23688
6.268,0.191602,3.23471
6.269,0.194835,3.2325
6.27,0.198067,3.23026
6.271,0.201296,3.22799
6.272,0.204523,3.2257
6.273,0.207747,3.22336
6.274,0.210969,3.221
6.275,0.214189,3.21861
6.276,0.217407,3.21619
6.277,0.220621,3.21374
6.278,0.223834,3.21125
6.279,0.227044,3.20874
6.28,0.230251,3.2062
6.281,0.233456,3.20362
6.282,0.236659,3.20102
6.283,0.239858,3.19838
6.284,0.243055,3.19571
6.285,0.24625,3.19302
6.286,0.249441,3.19029
6.287,0.25263,3.18754
6.288,0.255817,3.18475
6.289,0.259,3.18194
6.29,0.26218,3.17909
6.291,0.265358,3.17622
6.292,0.268533,3.17331
6.293,0.271705,3.17038
6.294,0.274874,3.16741
6.295,0.278039,3.16442
6.296,0.281202,3.16139
6.297,0.284362,3.15834
6.298,0.287519,3.15526
6.299,0.290673,3.15214
6.3,0.293823,3.149
6.301,0.296971,3.14583
6.302,0.300115,3.14263
6.303,0.303256,3.1394
6.304,0.306394,3.13615
6.305,0.309528,3.13286
6.306,0.312659,3.12954
6.307,0.315787,3.1262
6.308,0.318912,3.12282
6.309,0.322033,3.11942
6.31,0.325151,3.11599
6.311,0.328265,3.11253
6.312,0.331376,3.10904
6.313,0.334483,3.10553
6.314,0.337587,3.10198
6.315,0.340687,3.09841
6.316,0.343784,3.09481
6.317,0.346877,3.09118
6.318,0.349966,3.08752
6.319,0.353052,3.08383
6.32,0.356134,3.08012
6.321,0.359212,3.07637
6.322,0.362286,3.0726
6.323,0.365357,3.06881
6.324,0.368424,3.06498
6.325,0.371487,3.06113
6.326,0.374546,3.05725
6.327,0.377601,3.05334
6.328,0.380653,3.0494
6.329,0.3837,3.04544
6.33,0.386744,3.04145
6.331,0.389783,3.03743
6.332,0.392819,3.03339
6.333,0.39585,3.02931
6.334,0.398877,3.02521
6.335,0.4019,3.02109
6.336,0.404919,3.01694
6.337,0.407934,3.01276
6.338,0.410945,3.00855
6.339,0.413951,3.00432
6.34,0.416953,3.00006
6.341,0.419951,2.99577
6.342,0.422945,2.99146
6.343,0.425934,2.98712
6.344,0.428919,2.98275
6.345,0.4319,2.97836
6.346,0.434876,2.97395
6.347,0.437848,2.9695
6.348,0.440815,2.96503
6.349,0.443778,2.96054
6.35,0.446736,2.95602
6.351,0.44969,2.95147
6.352,0.452639,2.9469
6.353,0.455584,2.9423
6.354,0.458524,2.93768
6.355,0.461459,2.93303
6.356,0.46439,2.92835
6.357,0.467316,2.92366
6.358,0.470237,2.91893
6.359,0.473153,2.91418
6.36,0.476065,2.90941
6.361,0.478972,2.90461
6.362,0.481874,2.89978
6.363,0.484772,2.89494
6.364,0.487664,2.89006
6.365,0.490552,2.88516
6.366,0.493435,2.88024
6.367,0.496312,2.8753
6.368,0.499185,2.87032
6.369,0.502053,2.86533
6.37,0.504916,2.86031
6.371,0.507774,2.85527
6.372,0.510626,2.8502
6.373,0.513474,2.84511
6.374,0.516317,2.83999
6.375,0.519154,2.83485
6.376,0.521986,2.82969
6.377,0.524813,2.82451
6.378,0.527635,2.8193
6.379,0.530452,2.81406
6.38,0.533263,2.80881
6.381,0.53607,2.80353
6.382,0.53887,2.79822
6.383,0.541666,2.7929
6.384,0.544456,2.78755
6.385,0.547241,2.78218
6.386,0.550021,2.77679
6.387,0.552795,2.77137
6.388,0.555563,2.76593
6.389,0.558327,2.76047
6.39,0.561084,2.75498
6.391,0.563837,2.74948
6.392,0.566583,2.74395
6.393,0.569324,2.7384
6.394,0.57206,2.73282
6.395,0.57479,2.72723
6.396,0.577514,2.72161
6.397,0.580233,2.71597
6.398,0.582946,2.71031
6.399,0.585654,2.70463
6.4,0.588356,2.69893
6.401,0.591052,2.6932
6.402,0.593742,2.68746
6.403,0.596427,2.68169
6.404,0.599105,2.6759
6.405,0.601778,2.67009
6.406,0.604446,2.66426
6.407,0.607107,2.65841
6.408,0.609762,2.65253
6.409,0.612412,2.64664
6.41,0.615056,2.64073
6.411,0.617693,2.63479
6.412,0.620325,2.62884
6.413,0.622951,2.62286
6.414,0.625571,2.61686
6.415,0.628185,2.61085
6.416,0.630793,2.60481
6.417,0.633394,2.59876
6.418,0.63599,2.59268
6.419,0.63858,2.58658
6.42,0.641163,2.58047
6.421,0.643741,2.57433
6.422,0.646312,2.56818
6.423,0.648877,2.562
6.424,0.651436,2.55581
6.425,0.653989,2.54959
6.426,0.656535,2.54336
6.427,0.659075,2.53711
6.428,0.661609,2.53084
6.429,0.664137,2.52455
6.43,0.666658,2.51824
6.431,0.669174,2.51191
6.432,0.671682,2.50557
6.433,0.674185,2.4992
6.434,0.676681,2.49282
6.435,0.67917,2.48642
6.436,0.681654,2.48
6.437,0.68413,2.47356
6.438,0.686601,2.4671
6.439,0.689064,2.46063
6.44,0.691522,2.45414
6.441,0.693973,2.44763
6.442,0.696417,2.4411
6.443,0.698855,2.43455
6.444,0.701286,2.42799
6.445,0.703711,2.42141
6.446,0.706129,2.41481
6.447,0.708541,2.40819
6.448,0.710945,2.40156
6.449,0.713344,2.39491
6.45,0.715735,2.38824
6.451,0.71812,2.38156
6.452,0.720498,2.37486
6.453,0.72287,2.36814
6.454,0.725235,2.36141
6.455,0.727593,2.35465
6.456,0.729944,2.34789
6.457,0.732288,2.3411
6.458,0.734626,2.3343
6.459,0.736957,2.32748
6.46,0.739281,2.32065
6.461,0.741598,2.3138
6.462,0.743909,2.30693
6.463,0.746212,2.30005
6.464,0.748509,2.29315
6.465,0.750798,2.28624
6.466,0.753081,2.27931
6.467,0.755357,2.27237
6.468,0.757626,2.26541
6.469,0.759888,2.25843
6.47,0.762143,2.25144
6.471,0.764391,2.24443
6.472,0.766632,2.23741
6.473,0.768866,2.23038
6.474,0.771092,2.22332
6.475,0.773312,2.21626
6.476,0.775525,2.20918
6.477,0.777731,2.20208
6.478,0.779929,2.19497
6.479,0.782121,2.18784
6.48,0.784305,2.1807
6.481,0.786482,2.17355
6.482,0.788652,2.16638
6.483,0.790815,2.1592
6.484,0.79297,2.152
6.485,0.795119,2.14479
6.486,0.79726,2.13756
6.487,0.799394,2.13032
6.488,0.80152,2.12307
6.489,0.80364,2.1158
6.49,0.805752,2.10852
6.491,0.807857,2.10123
6.492,0.809955,2.09392
6.493,0.812045,2.0866
6.494,0.814128,2.07927
6.495,0.816203,2.07192
6.496,0.818272,2.06456
6.497,0.820332,2.05718
6.498,0.822386,2.0498
6.499,0.824432,2.0424
6.5,0.826471,2.03499
6.501,0.828502,2.02756
6.502,0.830526,2.02012
6.503,0.832542,2.01267
6.504,0.834551,2.00521
6.505,0.836553,1.99773
6.506,0.838547,1.99024
6.507,0.840533,1.98274
6.508,0.842512,1.97523
6.509,0.844484,1.9677
6.51,0.846448,1.96017
6.511,0.848404,1.95262
6.512,0.850353,1.94506
6.513,0.852294,1.93748
6.514,0.854228,1.9299
6.515,0.856154,1.9223
6.516,0.858072,1.9147
6.517,0.859983,1.90708
6.518,0.861886,1.89945
6.519,0.863782,1.8918
6.52,0.86567,1.88415
6.521,0.86755,1.87649
6.522,0.869423,1.86881
6.523,0.871288,1.86112
6.524,0.873145,1.85343
6.525,0.874995,1.84572
6.526,0.876837,1.838
6.527,0.878671,1.83027
6.528,0.880497,1.82253
6.529,0.882316,1.81477
6.53,0.884127,1.80701
6.531,0.88593,1.79924
6.532,0.887725,1.79146
6.533,0.889513,1.78366
6.534,0.891293,1.77586
6.535,0.893065,1.76805
6.536,0.894829,1.76022
6.537,0.896585,1.75239
6.538,0.898333,1.74454
6.539,0.900074,1.73669
6.54,0.901807,1.72883
6.541,0.903532,1.72095
6.542,0.905249,1.71307
6.543,0.906958,1.70518
6.544,0.908659,1.69728
6.545,0.910352,1.68937
6.546,0.912038,1.68145
6.547,0.913715,1.67352
6.548,0.915385,1.66558
6.549,0.917046,1.65763
6.55,0.9187,1.64967
6.551,0.920346,1.6417
6.552,0.921984,1.63373
6.553,0.923613,1.62574
6.554,0.925235,1.61775
6.555,0.926849,1.60975
6.556,0.928455,1.60174
6.557,0.930052,1.59372
6.558,0.931642,1.58569
6.559,0.933224,1.57765
6.56,0.934797,1.56961
6.561,0.936363,1.56156
6.562,0.93792,1.55349
6.563,0.93947,1.54543
6.564,0.941011,1.53735
6.565,0.942545,1.52926
6.566,0.94407,1.52117
6.567,0.945587,1.51307
6.568,0.947096,1.50496
6.569,0.948597,1.49684
6.57,0.95009,1.48871
6.571,0.951574,1.48058
6.572,0.953051,1.47244
6.573,0.954519,1.46429
6.574,0.955979,1.45614
6.575,0.957431,1.44797
6.576,0.958875,1.4398
6.577,0.960311,1.43163
6.578,0.961738,1.42344
6.579,0.963158,1.41525
6.58,0.964569,1.40705
6.581,0.965972,1.39884
6.582,0.967367,1.39063
6.583,0.968753,1.38241
6.584,0.970131,1.37418
6.585,0.971502,1.36595
6.586,0.972863,1.35771
6.587,0.974217,1.34946
6.588,0.975562,1.34121
6.589,0.976899,1.33295
6.59,0.978228,1.32468
6.591,0.979549,1.31641
6.592,0.980861,1.30813
6.593,0.982165,1.29984
6.594,0.983461,1.29155
6.595,0.984748,1.28325
6.596,0.986027,1.27495
6.597,0.987298,1.26664
6.598,0.98856,1.25832
6.599,0.989815,1.25
6.6,0.99106,1.24167
6.601,0.992298,1.23334
6.602,0.993527,1.225
6.603,0.994748,1.21665
6.604,0.99596,1.2083
6.605,0.997165,1.19994
6.606,0.99836,1.19158
6.607,0.999548,1.18321
6.608,1.00073,1.17484
6.609,1.0019,1.16646
6.61,1.00306,1.15808
6.611,1.00421,1.14969
6.612,1.00536,1.14129
6.613,1.0065,1.13289
6.614,1.00762,1.12449
6.615,1.00875,1.11608
6.616,1.00986,1.10766
6.617,1.01096,1.09924
6.618,1.01206,1.09082
6.619,1.01314,1.08239
6.62,1.01422,1.07395
6.621,1.01529,1.06552
6.622,1.01635,1.05707
6.623,1.0174,1.04862
6.624,1.01845,1.04017
6.625,1.01948,1.03171
6.626,1.02051,1.02325
6.627,1.02153,1.01478
6.628,1.02254,1.00631
6.629,1.02354,0.997839
6.63,1.02454,0.98936
6.631,1.02552,0.980876
6.632,1.0265,0.972389
6.633,1.02747,0.963897
6.634,1.02843,0.955401
6.635,1.02938,0.946902
6.636,1.03032,0.938398
6.637,1.03125,0.92989
6.638,1.03218,0.921379
6.639,1.0331,0.912864
6.64,1.03401,0.904345
6.641,1.03491,0.895823
6.642,1.0358,0.887296
6.643,1.03668,0.878767
6.644,1.03756,0.870233
6.645,1.03842,0.861697
6.646,1.03928,0.853156
6.647,1.04013,0.844613
6.648,1.04097,0.836066
6.649,1.0418,0.827516
6.65,1.04262,0.818962
6.651,1.04344,0.810405
6.652,1.04424,0.801846
6.653,1.04504,0.793283
6.654,1.04583,0.784717
6.655,1.04661,0.776148
6.656,1.04738,0.767576
6.657,1.04815,0.759001
6.658,1.0489,0.750423
6.659,1.04965,0.741843
6.66,1.05038,0.73326
6.661,1.05111,0.724674
6.662,1.05183,0.716085
6.663,1.05255,0.707494
6.664,1.05325,0.6989
6.665,1.05394,0.690304
6.666,1.05463,0.681705
6.667,1.05531,0.673103
6.668,1.05598,0.6645
6.669,1.05664,0.655894
6.67,1.05729,0.647285
6.671,1.05793,0.638675
6.672,1.05856,0.630062
6.673,1.05919,0.621447
6.674,1.05981,0.61283
6.675,1.06042,0.604211
6.676,1.06102,0.595589
6.677,1.06161,0.586966
6.678,1.06219,0.578341
6.679,1.06276,0.569714
6.68,1.06333,0.561085
6.681,1.06389,0.552454
6.682,1.06443,0.543822
6.683,1.06497,0.535187
6.684,1.0655,0.526552
6.685,1.06603,0.517914
6.686,1.06654,0.509275
6.687,1.06705,0.500634
6.688,1.06754,0.491992
6.689,1.06803,0.483348
6.69,1.06851,0.474703
6.691,1.06898,0.466057
6.692,1.06944,0.457409
6.693,1.06989,0.44876
6.694,1.07034,0.44011
6.695,1.07077,0.431458
6.696,1.0712,0.422805
6.697,1.07162,0.414152
6.698,1.07203,0.405497
6.699,1.07243,0.396841
6.7,1.07282,0.388184
6.701,1.07321,0.379526
6.702,1.07358,0.370867
6.703,1.07395,0.362207
6.704,1.07431,0.353547
6.705,1.07466,0.344886
6.706,1.075,0.336224
6.707,1.07533,0.327561
6.708,1.07565,0.318898
6.709,1.07597,0.310233
6.71,1.07627,0.301569
6.711,1.07657,0.292904
6.712,1.07686,0.284238
6.713,1.07714,0.275572
6.714,1.07741,0.266906
6.715,1.07767,0.258239
6.716,1.07793,0.249572
6.717,1.07817,0.240904
6.718,1.07841,0.232236
6.719,1.07863,0.223568
6.72,1.07885,0.2149
6.721,1.07906,0.206232
6.722,1.07927,0.197564
6.723,1.07946,0.188895
6.724,1.07964,0.180227
6.725,1.07982,0.171559
6.726,1.07999,0.16289
6.727,1.08015,0.154222
6.728,1.0803,0.145554
6.729,1.08044,0.136886
6.73,1.08057,0.128219
6.731,1.08069,0.119551
6.732,1.08081,0.110884
6.733,1.08092,0.102218
6.734,1.08101,0.0935514
6.735,1.0811,0.0848856
6.736,1.08118,0.0762202
6.737,1.08125,0.0675554
6.738,1.08132,0.0588911
6.739,1.08137,0.0502275
6.74,1.08142,0.0415644
6.741,1.08146,0.032902
6.742,1.08148,0.0242404
6.743,1.0815,0.0155795
6.744,1.08152,0.00691938
6.745,1.08152,-0.00173989
6.746,1.08151,-0.0103983
6.747,1.0815,-0.0190558
6.748,1.08147,-0.0277123
6.749,1.08144,-0.0363678
6.75,1.0814,-0.0450223
6.751,1.08135,-0.0536758
6.752,1.08129,-0.0623281
6.753,1.08123,-0.0709793
6.754,1.08115,-0.0796292
6.755,1.08107,-0.088278
6.756,1.08098,-0.0969254
6.757,1.08087,-0.105572
6.758,1.08076,-0.114216
6.759,1.08065,-0.12286
6.76,1.08052,-0.131502
6.761,1.08038,-0.140142
6.762,1.08024,-0.148781
6.763,1.08008,-0.157419
6.764,1.07992,-0.166055
6.765,1.07975,-0.174689
6.766,1.07957,-0.183321
6.767,1.07939,-0.191952
6.768,1.07919,-0.200581
6.769,1.07899,-0.209209
6.77,1.07877,-0.217834
6.771,1.07855,-0.226458
6.772,1.07832,-0.235079
6.773,1.07808,-0.243699
6.774,1.07783,-0.252317
6.775,1.07757,-0.260933
6.776,1.07731,-0.269546
6.777,1.07704,-0.278158
6.778,1.07675,-0.286767
6.779,1.07646,-0.295374
6.78,1.07616,-0.303979
6.781,1.07585,-0.312582
6.782,1.07554,-0.321182
6.783,1.07521,-0.32978
6.784,1.07488,-0.338376
6.785,1.07453,-0.346969
6.786,1.07418,-0.355559
6.787,1.07382,-0.364148
6.788,1.07346,-0.372733
6.789,1.07308,-0.381316
6.79,1.07269,-0.389897
6.791,1.0723,-0.398474
6.792,1.0719,-0.407049
6.793,1.07148,-0.415621
6.794,1.07106,-0.424191
6.795,1.07064,-0.432757
6.796,1.0702,-0.441321
6.797,1.06975,-0.449881
6.798,1.0693,-0.458439
6.799,1.06884,-0.466994
6.8,1.06837,-0.475545
6.801,1.06789,-0.484094
6.802,1.0674,-0.492639
6.803,1.0669,-0.501181
6.804,1.06639,-0.50972
6.805,1.06588,-0.518256
6.806,1.06536,-0.526788
6.807,1.06483,-0.535317
6.808,1.06429,-0.543843
6.809,1.06374,-0.552365
6.81,1.06318,-0.560884
6.811,1.06262,-0.569399
6.812,1.06204,-0.577911
6.813,1.06146,-0.586419
6.814,1.06087,-0.594923
6.815,1.06027,-0.603424
6.816,1.05966,-0.611921
6.817,1.05905,-0.620414
6.818,1.05842,-0.628903
6.819,1.05779,-0.637388
6.82,1.05715,-0.64587
6.821,1.0565,-0.654347
6.822,1.05584,-0.662821
6.823,1.05517,-0.67129
6.824,1.0545,-0.679756
6.825,1.05381,-0.688217
6.826,1.05312,-0.696674
6.827,1.05242,-0.705127
6.828,1.05171,-0.713575
6.829,1.05099,-0.72202
6.83,1.05027,-0.730459
6.831,1.04953,-0.738895
6.832,1.04879,-0.747326
6.833,1.04804,-0.755752
6.834,1.04728,-0.764174
6.835,1.04651,-0.772592
6.836,1.04573,-0.781005
6.837,1.04495,-0.789413
6.838,1.04415,-0.797816
6.839,1.04335,-0.806215
6.84,1.04254,-0.814608
6.841,1.04172,-0.822997
6.842,1.0409,-0.831381
6.843,1.04006,-0.83976
6.844,1.03922,-0.848134
6.845,1.03836,-0.856503
6.846,1.0375,-0.864867
6.847,1.03663,-0.873226
6.848,1.03576,-0.881579
6.849,1.03487,-0.889927
6.85,1.03398,-0.89827
6.851,1.03307,-0.906608
6.852,1.03216,-0.91494
6.853,1.03124,-0.923267
6.854,1.03032,-0.931588
6.855,1.02938,-0.939904
6.856,1.02844,-0.948214
6.857,1.02748,-0.956519
6.858,1.02652,-0.964818
6.859,1.02555,-0.973111
6.86,1.02458,-0.981398
6.861,1.02359,-0.98968
6.862,1.0226,-0.997955
6.863,1.0216,-1.00622
6.864,1.02059,-1.01449
6.865,1.01957,-1.02275
6.866,1.01854,-1.031
6.867,1.01751,-1.03924
6.868,1.01646,-1.04748
6.869,1.01541,-1.05572
6.87,1.01435,-1.06394
6.871,1.01328,-1.07216
6.872,1.01221,-1.08038
6.873,1.01112,-1.08858
6.874,1.01003,-1.09679
6.875,1.00893,-1.10498
6.876,1.00782,-1.11317
6.877,1.0067,-1.12135
6.878,1.00558,-1.12952
6.879,1.00444,-1.13769
6.88,1.0033,-1.14585
6.881,1.00215,-1.15401
6.882,1.00099,-1.16216
6.883,0.999826,-1.1703
6.884,0.998652,-1.17843
6.885,0.99747,-1.18656
6.886,0.996279,-1.19467
6.887,0.99508,-1.20279
6.888,0.993873,-1.21089
6.889,0.992658,-1.21899
6.89,0.991435,-1.22708
6.891,0.990204,-1.23516
6.892,0.988965,-1.24324
6.893,0.987718,-1.2513
6.894,0.986463,-1.25936
6.895,0.985199,-1.26742
6.896,0.983928,-1.27546
6.897,0.982648,-1.2835
6.898,0.981361,-1.29153
6.899,0.980065,-1.29955
6.9,0.978762,-1.30756
6.901,0.97745,-1.31557
6.902,0.97613,-1.32357
6.903,0.974803,-1.33156
6.904,0.973467,-1.33954
6.905,0.972124,-1.34751
6.906,0.970772,-1.35548
6.907,0.969413,-1.36343
6.908,0.968045,-1.37138
6.909,0.96667,-1.37932
6.91,0.965287,-1.38725
6.911,0.963896,-1.39518
6.912,0.962496,-1.40309
6.913,0.961089,-1.411
6.914,0.959674,-1.41889
6.915,0.958252,-1.42678
6.916,0.956821,-1.43466
6.917,0.955382,-1.44253
6.918,0.953936,-1.45039
6.919,0.952482,-1.45824
6.92,0.951019,-1.46609
6.921,0.949549,-1.47392
6.922,0.948072,-1.48175
6.923,0.946586,-1.48956
6.924,0.945092,-1.49737
6.925,0.943591,-1.50517
6.926,0.942082,-1.51295
6.927,0.940565,-1.52073
6.928,0.939041,-1.5285
6.929,0.937508,-1.53626
6.93,0.935968,-1.54401
6.931,0.93442,-1.55175
6.932,0.932865,-1.55948
6.933,0.931301,-1.5672
6.934,0.92973,-1.57491
6.935,0.928151,-1.58261
6.936,0.926565,-1.5903
6.937,0.924971,-1.59798
6.938,0.923369,-1.60565
6.939,0.92176,-1.61331
6.94,0.920142,-1.62095
6.941,0.918518,-1.62859
6.942,0.916885,-1.63622
6.943,0.915245,-1.64384
6.944,0.913598,-1.65144
6.945,0.911942,-1.65904
6.946,0.91028,-1.66663
6.947,0.908609,-1.6742
6.948,0.906931,-1.68176
6.949,0.905246,-1.68932
6.95,0.903552,-1.69686
6.951,0.901852,-1.70439
6.952,0.900144,-1.71191
6.953,0.898428,-1.71942
6.954,0.896705,-1.72692
6.955,0.894974,-1.7344
6.956,0.893236,-1.74188
6.957,0.89149,-1.74934
6.958,0.889737,-1.75679
6.959,0.887977,-1.76423
6.96,0.886209,-1.77166
6.961,0.884434,-1.77908
6.962,0.882651,-1.78648
6.963,0.880861,-1.79387
6.964,0.879063,-1.80125
6.965,0.877258,-1.80862
6.966,0.875446,-1.81598
6.967,0.873626,-1.82332
6.968,0.871799,-1.83066
6.969,0.869965,-1.83798
6.97,0.868123,-1.84529
6.971,0.866274,-1.85258
6.972,0.864418,-1.85986
6.973,0.862555,-1.86713
6.974,0.860684,-1.87439
6.975,0.858806,-1.88164
6.976,0.856921,-1.88887
6.977,0.855028,-1.89609
6.978,0.853128,-1.90329
6.979,0.851221,-1.91049
6.98,0.849307,-1.91767
6.981,0.847386,-1.92484
6.982,0.845458,-1.93199
6.983,0.843522,-1.93913
6.984,0.841579,-1.94626
6.985,0.83963,-1.95337
6.986,0.837673,-1.96047
6.987,0.835709,-1.96756
6.988,0.833738,-1.97463
6.989,0.831759,-1.98169
6.99,0.829774,-1.98874
6.991,0.827782,-1.99577
6.992,0.825783,-2.00279
6.993,0.823776,-2.00979
6.994,0.821763,-2.01678
6.995,0.819743,-2.02376
6.996,0.817716,-2.03072
6.997,0.815681,-2.03766
6.998,0.81364,-2.0446
6.999,0.811592,-2.05152
7,0.809537,-2.05842
7.001,0.807475,-2.06531
7.002,0.805407,-2.07218
7.003,0.803331,-2.07904
7.004,0.801249,-2.08589
7.005,0.799159,-2.09272
7.006,0.797063,-2.09953
7.007,0.79496,-2.10633
7.008,0.79285,-2.11311
7.009,0.790734,-2.11988
7.01,0.788611,-2.12664
7.011,0.786481,-2.13338
7.012,0.784344,-2.1401
7.013,0.782201,-2.14681
7.014,0.78005,-2.1535
7.015,0.777894,-2.16018
7.016,0.77573,-2.16684
7.017,0.77356,-2.17348
7.018,0.771383,-2.18011
7.019,0.7692,-2.18672
7.02,0.76701,-2.19332
7.021,0.764813,-2.1999
7.022,0.76261,-2.20646
7.023,0.7604,-2.21301
7.024,0.758184,-2.21954
7.025,0.755961,-2.22606
7.026,0.753732,-2.23256
7.027,0.751496,-2.23904
7.028,0.749254,-2.24551
7.029,0.747005,-2.25195
7.03,0.74475,-2.25839
7.031,0.742488,-2.2648
7.032,0.74022,-2.2712
7.033,0.737946,-2.27758
7.034,0.735665,-2.28394
7.035,0.733378,-2.29029
7.036,0.731084,-2.29662
7.037,0.728785,-2.30293
7.038,0.726479,-2.30922
7.039,0.724166,-2.3155
7.04,0.721848,-2.32176
7.041,0.719523,-2.328
7.042,0.717192,-2.33422
7.043,0.714854,-2.34043
7.044,0.712511,-2.34662
7.045,0.710161,-2.35279
7.046,0.707805,-2.35894
7.047,0.705443,-2.36507
7.048,0.703075,-2.37118
7.049,0.700701,-2.37728
7.05,0.69832,-2.38336
7.051,0.695934,-2.38942
7.052,0.693542,-2.39546
7.053,0.691143,-2.40148
7.054,0.688739,-2.40749
7.055,0.686328,-2.41347
7.056,0.683912,-2.41944
7.057,0.681489,-2.42538
7.058,0.679061,-2.43131
7.059,0.676627,-2.43722
7.06,0.674187,-2.44311
7.061,0.671741,-2.44898
7.062,0.669289,-2.45483
7.063,0.666831,-2.46066
7.064,0.664367,-2.46647
7.065,0.661898,-2.47226
7.066,0.659423,-2.47804
7.067,0.656942,-2.48379
7.068,0.654455,-2.48952
7.069,0.651963,-2.49523
7.07,0.649465,-2.50093
7.071,0.646961,-2.5066
7.072,0.644452,-2.51225
7.073,0.641936,-2.51788
7.074,0.639416,-2.5235
7.075,0.636889,-2.52909
7.076,0.634358,-2.53466
7.077,0.63182,-2.54021
7.078,0.629277,-2.54574
7.079,0.626729,-2.55125
7.08,0.624175,-2.55673
7.081,0.621615,-2.5622
7.082,0.61905,-2.56765
7.083,0.61648,-2.57307
7.084,0.613904,-2.57848
7.085,0.611323,-2.58386
7.086,0.608736,-2.58922
7.087,0.606145,-2.59456
7.088,0.603547,-2.59988
7.089,0.600945,-2.60518
7.09,0.598337,-2.61045
7.091,0.595724,-2.61571
7.092,0.593106,-2.62094
7.093,0.590482,-2.62615
7.094,0.587853,-2.63134
7.095,0.585219,-2.6365
7.096,0.58258,-2.64165
7.097,0.579936,-2.64677
7.098,0.577287,-2.65187
7.099,0.574632,-2.65695
7.1,0.571973,-2.662
7.101,0.569308,-2.66703
7.102,0.566639,-2.67204
7.103,0.563964,-2.67703
7.104,0.561285,-2.682
7.105,0.5586,-2.68694
7.106,0.555911,-2.69186
7.107,0.553217,-2.69675
7.108,0.550517,-2.70163
7.109,0.547813,-2.70648
7.11,0.545105,-2.7113
7.111,0.542391,-2.71611
7.112,0.539672,-2.72089
7.113,0.536949,-2.72564
7.114,0.534221,-2.73038
7.115,0.531488,-2.73509
7.116,0.528751,-2.73978
7.117,0.526009,-2.74444
7.118,0.523262,-2.74908
7.119,0.520511,-2.75369
7.12,0.517755,-2.75828
7.121,0.514994,-2.76285
7.122,0.512229,-2.76739
7.123,0.509459,-2.77191
7.124,0.506685,-2.77641
7.125,0.503906,-2.78088
7.126,0.501123,-2.78533
7.127,0.498336,-2.78975
7.128,0.495544,-2.79415
7.129,0.492748,-2.79852
7.13,0.489947,-2.80287
7.131,0.487142,-2.80719
7.132,0.484332,-2.81149
7.133,0.481519,-2.81576
7.134,0.478701,-2.82001
7.135,0.475879,-2.82424
7.136,0.473052,-2.82844
7.137,0.470222,-2.83261
7.138,0.467387,-2.83676
7.139,0.464548,-2.84088
7.14,0.461705,-2.84498
7.141,0.458858,-2.84905
7.142,0.456007,-2.8531
7.143,0.453152,-2.85712
7.144,0.450293,-2.86112
7.145,0.44743,-2.86509
7.146,0.444563,-2.86904
7.147,0.441692,-2.87296
7.148,0.438817,-2.87685
7.149,0.435938,-2.88072
7.15,0.433056,-2.88456
7.151,0.430169,-2.88837
7.152,0.427279,-2.89216
7.153,0.424385,-2.89592
7.154,0.421487,-2.89966
7.155,0.418586,-2.90337
7.156,0.41568,-2.90705
7.157,0.412771,-2.91071
7.158,0.409859,-2.91434
7.159,0.406943,-2.91795
7.16,0.404023,-2.92153
7.161,0.4011,-2.92508
7.162,0.398173,-2.9286
7.163,0.395243,-2.9321
7.164,0.392309,-2.93557
7.165,0.389371,-2.93901
7.166,0.386431,-2.94243
7.167,0.383487,-2.94582
7.168,0.380539,-2.94918
7.169,0.377588,-2.95252
7.17,0.374634,-2.95582
7.171,0.371677,-2.9591
7.172,0.368716,-2.96236
7.173,0.365752,-2.96558
7.174,0.362785,-2.96878
7.175,0.359814,-2.97195
7.176,0.356841,-2.97509
7.177,0.353864,-2.97821
7.178,0.350884,-2.9813
7.179,0.347902,-2.98436
7.18,0.344916,-2.98739
7.181,0.341927,-2.99039
7.182,0.338935,-2.99337
7.183,0.33594,-2.99632
7.184,0.332942,-2.99924
7.185,0.329942,-3.00213
7.186,0.326938,-3.005
7.187,0.323932,-3.00783
7.188,0.320922,-3.01064
7.189,0.31791,-3.01342
7.19,0.314896,-3.01617
7.191,0.311878,-3.01889
7.192,0.308858,-3.02159
7.193,0.305835,-3.02425
7.194,0.302809,-3.02689
7.195,0.299781,-3.0295
7.196,0.29675,-3.03208
7.197,0.293717,-3.03463
7.198,0.290681,-3.03715
7.199,0.287643,-3.03964
7.2,0.284602,-3.04211
7.201,0.281558,-3.04454
7.202,0.278513,-3.04695
7.203,0.275465,-3.04933
7.204,0.272414,-3.05168
7.205,0.269361,-3.054
7.206,0.266306,-3.05629
7.207,0.263249,-3.05855
7.208,0.260189,-3.06078
7.209,0.257127,-3.06298
7.21,0.254063,-3.06516
7.211,0.250997,-3.0673
7.212,0.247928,-3.06942
7.213,0.244858,-3.0715
7.214,0.241785,-3.07356
7.215,0.238711,-3.07559
7.216,0.235634,-3.07758
7.217,0.232556,-3.07955
7.218,0.229475,-3.08149
7.219,0.226393,-3.0834
7.22,0.223308,-3.08528
7.221,0.220222,-3.08713
7.222,0.217134,-3.08894
7.223,0.214044,-3.09073
7.224,0.210953,-3.09249
7.225,0.207859,-3.09422
7.226,0.204764,-3.09592
7.227,0.201667,-3.09759
7.228,0.198569,-3.09923
7.229,0.195469,-3.10084
7.23,0.192367,-3.10243
7.231,0.189264,-3.10398
7.232,0.186159,-3.1055
7.233,0.183053,-3.10699
7.234,0.179945,-3.10845
7.235,0.176836,-3.10988
7.236,0.173726,-3.11128
7.237,0.170614,-3.11264
7.238,0.1675,-3.11398
7.239,0.164386,-3.11529
7.24,0.16127,-3.11657
7.241,0.158153,-3.11782
7.242,0.155034,-3.11904
7.243,0.151915,-3.12023
7.244,0.148794,-3.12138
7.245,0.145672,-3.12251
7.246,0.142549,-3.12361
7.247,0.139425,-3.12467
7.248,0.136299,-3.12571
7.249,0.133173,-3.12671
7.25,0.130046,-3.12769
7.251,0.126918,-3.12863
7.252,0.123789,-3.12955
7.253,0.120659,-3.13043
7.254,0.117528,-3.13128
7.255,0.114396,-3.1321
7.256,0.111264,-3.13289
7.257,0.10813,-3.13365
7.258,0.104996,-3.13438
7.259,0.101862,-3.13508
7.26,0.0987263,-3.13575
7.261,0.0955902,-3.13639
7.262,0.0924535,-3.137
7.263,0.0893162,-3.13757
7.264,0.0861784,-3.13812
7.265,0.08304,-3.13864
7.266,0.0799011,-3.13912
7.267,0.0767618,-3.13957
7.268,0.073622,-3.14
7.269,0.0704818,-3.14039
7.27,0.0673412,-3.14075
7.271,0.0642003,-3.14108
7.272,0.0610591,-3.14138
7.273,0.0579176,-3.14165
7.274,0.0547758,-3.14189
7.275,0.0516338,-3.1421
7.276,0.0484916,-3.14227
7.277,0.0453493,-3.14242
7.278,0.0422068,-3.14253
7.279,0.0390642,-3.14262
7.28,0.0359216,-3.14267
7.281,0.0327789,-3.14269
7.282,0.0296362,-3.14269
7.283,0.0264935,-3.14265
7.284,0.0233509,-3.14258
7.285,0.0202084,-3.14248
7.286,0.0170659,-3.14235
7.287,0.0139237,-3.14218
7.288,0.0107816,-3.14199
7.289,0.00763971,-3.14177
7.29,0.00449807,-3.14151
7.291,0.0013567,-3.14123
7.292,-0.00178437,-3.14091
7.293,-0.00492511,-3.14056
7.294,-0.00806549,-3.14019
7.295,-0.0112055,-3.13978
7.296,-0.014345,-3.13934
7.297,-0.0174841,-3.13887
7.298,-0.0206228,-3.13837
7.299,-0.0237609,-3.13784
7.3,-0.0268984,-3.13727
7.301,-0.0300354,-3.13668
7.302,-0.0331718,-3.13606
7.303,-0.0363075,-3.1354
7.304,-0.0394426,-3.13472
7.305,-0.0425769,-3.134
7.306,-0.0457106,-3.13326
7.307,-0.0488434,-3.13248
7.308,-0.0519755,-3.13167
7.309,-0.0551068,-3.13083
7.31,-0.0582372,-3.12996
7.311,-0.0613667,-3.12906
7.312,-0.0644953,-3.12813
7.313,-0.0676229,-3.12717
7.314,-0.0707496,-3.12618
7.315,-0.0738753,-3.12516
7.316,-0.0769999,-3.12411
7.317,-0.0801235,-3.12303
7.318,-0.083246,-3.12192
7.319,-0.0863673,-3.12077
7.32,-0.0894875,-3.1196
7.321,-0.0926065,-3.1184
7.322,-0.0957243,-3.11716
7.323,-0.0988408,-3.1159
7.324,-0.101956,-3.1146
7.325,-0.10507,-3.11328
7.326,-0.108183,-3.11192
7.327,-0.111294,-3.11054
7.328,-0.114404,-3.10912
7.329,-0.117512,-3.10767
7.33,-0.120619,-3.1062
7.331,-0.123724,-3.10469
7.332,-0.126828,-3.10316
7.333,-0.129931,-3.10159
7.334,-0.133032,-3.09999
7.335,-0.136131,-3.09837
7.336,-0.139228,-3.09671
7.337,-0.142324,-3.09503
7.338,-0.145418,-3.09331
7.339,-0.148511,-3.09156
7.34,-0.151601,-3.08979
7.341,-0.15469,-3.08798
7.342,-0.157777,-3.08615
7.343,-0.160863,-3.08428
7.344,-0.163946,-3.08239
7.345,-0.167027,-3.08046
7.346,-0.170107,-3.07851
7.347,-0.173184,-3.07653
7.348,-0.17626,-3.07451
7.349,-0.179333,-3.07247
7.35,-0.182405,-3.0704
7.351,-0.185474,-3.0683
7.352,-0.188541,-3.06617
7.353,-0.191607,-3.06401
7.354,-0.194669,-3.06182
7.355,-0.19773,-3.0596
7.356,-0.200789,-3.05735
7.357,-0.203845,-3.05508
7.358,-0.206899,-3.05277
7.359,-0.20995,-3.05044
7.36,-0.213,-3.04807
7.361,-0.216047,-3.04568
7.362,-0.219091,-3.04326
7.363,-0.222133,-3.0408
7.364,-0.225173,-3.03833
7.365,-0.22821,-3.03582
7.366,-0.231244,-3.03328
7.367,-0.234276,-3.03071
7.368,-0.237306,-3.02812
7.369,-0.240332,-3.0255
7.37,-0.243357,-3.02284
7.371,-0.246378,-3.02016
7.372,-0.249397,-3.01745
7.373,-0.252413,-3.01472
7.374,-0.255426,-3.01195
7.375,-0.258437,-3.00916
7.376,-0.261445,-3.00634
7.377,-0.26445,-3.00349
7.378,-0.267452,-3.00061
7.379,-0.270451,-2.9977
7.38,-0.273447,-2.99477
7.381,-0.27644,-2.9918
7.382,-0.279431,-2.98881
7.383,-0.282418,-2.98579
7.384,-0.285402,-2.98275
7.385,-0.288383,-2.97967
7.386,-0.291362,-2.97657
7.387,-0.294337,-2.97344
7.388,-0.297308,-2.97028
7.389,-0.300277,-2.9671
7.39,-0.303243,-2.96389
7.391,-0.306205,-2.96065
7.392,-0.309164,-2.95738
7.393,-0.31212,-2.95409
7.394,-0.315072,-2.95077
7.395,-0.318021,-2.94742
7.396,-0.320967,-2.94404
7.397,-0.323909,-2.94064
7.398,-0.326848,-2.93721
7.399,-0.329784,-2.93375
7.4,-0.332716,-2.93027
7.401,-0.335644,-2.92676
7.402,-0.338569,-2.92322
7.403,-0.341491,-2.91966
7.404,-0.344408,-2.91607
7.405,-0.347323,-2.91245
7.406,-0.350233,-2.90881
7.407,-0.35314,-2.90514
7.408,-0.356044,-2.90144
7.409,-0.358943,-2.89772
7.41,-0.361839,-2.89397
7.411,-0.364731,-2.89019
7.412,-0.367619,-2.88639
7.413,-0.370504,-2.88256
7.414,-0.373385,-2.87871
7.415,-0.376261,-2.87483
7.416,-0.379134,-2.87093
7.417,-0.382003,-2.867
7.418,-0.384868,-2.86304
7.419,-0.387729,-2.85906
7.42,-0.390586,-2.85505
7.421,-0.393439,-2.85102
7.422,-0.396288,-2.84696
7.423,-0.399133,-2.84287
7.424,-0.401974,-2.83876
7.425,-0.404811,-2.83463
7.426,-0.407643,-2.83047
7.427,-0.410472,-2.82628
7.428,-0.413296,-2.82208
7.429,-0.416116,-2.81784
7.43,-0.418931,-2.81358
7.431,-0.421743,-2.8093
7.432,-0.42455,-2.80499
7.433,-0.427353,-2.80065
7.434,-0.430151,-2.7963
7.435,-0.432945,-2.79191
7.436,-0.435735,-2.78751
7.437,-0.43852,-2.78307
7.438,-0.441301,-2.77862
7.439,-0.444078,-2.77414
7.44,-0.44685,-2.76963
7.441,-0.449617,-2.76511
7.442,-0.45238,-2.76055
7.443,-0.455138,-2.75598
7.444,-0.457892,-2.75138
7.445,-0.460641,-2.74675
7.446,-0.463385,-2.74211
7.447,-0.466125,-2.73744
7.448,-0.46886,-2.73274
7.449,-0.471591,-2.72802
7.45,-0.474316,-2.72328
7.451,-0.477037,-2.71852
7.452,-0.479753,-2.71373
7.453,-0.482465,-2.70892
7.454,-0.485171,-2.70409
7.455,-0.487873,-2.69923
7.456,-0.490569,-2.69435
7.457,-0.493261,-2.68945
7.458,-0.495948,-2.68452
7.459,-0.49863,-2.67957
7.46,-0.501308,-2.6746
7.461,-0.50398,-2.66961
7.462,-0.506647,-2.66459
7.463,-0.509309,-2.65956
7.464,-0.511966,-2.6545
7.465,-0.514618,-2.64941
7.466,-0.517265,-2.64431
7.467,-0.519906,-2.63918
7.468,-0.522543,-2.63403
7.469,-0.525174,-2.62886
7.47,-0.527801,-2.62367
7.471,-0.530422,-2.61846
7.472,-0.533038,-2.61322
7.473,-0.535648,-2.60797
7.474,-0.538254,-2.60269
7.475,-0.540854,-2.59739
7.476,-0.543448,-2.59207
7.477,-0.546038,-2.58672
7.478,-0.548622,-2.58136
7.479,-0.5512,-2.57598
7.48,-0.553774,-2.57057
7.481,-0.556342,-2.56514
7.482,-0.558904,-2.5597
7.483,-0.561461,-2.55423
7.484,-0.564012,-2.54874
7.485,-0.566558,-2.54323
7.486,-0.569099,-2.5377
7.487,-0.571634,-2.53215
7.488,-0.574163,-2.52658
7.489,-0.576687,-2.52099
7.49,-0.579205,-2.51538
7.491,-0.581718,-2.50975
7.492,-0.584225,-2.50409
7.493,-0.586726,-2.49842
7.494,-0.589221,-2.49273
7.495,-0.591711,-2.48702
7.496,-0.594196,-2.48129
7.497,-0.596674,-2.47554
7.498,-0.599147,-2.46977
7.499,-0.601613,-2.46398
7.5,-0.604075,-2.45817
7.501,-0.60653,-2.45235
7.502,-0.608979,-2.4465
7.503,-0.611423,-2.44063
7.504,-0.61386,-2.43475
7.505,-0.616292,-2.42885
7.506,-0.618718,-2.42292
7.507,-0.621138,-2.41698
7.508,-0.623552,-2.41102
7.509,-0.62596,-2.40504
7.51,-0.628362,-2.39905
7.511,-0.630758,-2.39303
7.512,-0.633148,-2.387
7.513,-0.635532,-2.38094
7.514,-0.63791,-2.37487
7.515,-0.640282,-2.36878
7.516,-0.642648,-2.36268
7.517,-0.645007,-2.35655
7.518,-0.647361,-2.35041
7.519,-0.649708,-2.34425
7.52,-0.652049,-2.33807
7.521,-0.654384,-2.33188
7.522,-0.656713,-2.32566
7.523,-0.659036,-2.31943
7.524,-0.661352,-2.31319
7.525,-0.663662,-2.30692
7.526,-0.665966,-2.30064
7.527,-0.668263,-2.29434
7.528,-0.670554,-2.28802
7.529,-0.672839,-2.28169
7.53,-0.675118,-2.27534
7.531,-0.67739,-2.26897
7.532,-0.679656,-2.26259
7.533,-0.681915,-2.25619
7.534,-0.684168,-2.24977
7.535,-0.686415,-2.24334
7.536,-0.688655,-2.23689
7.537,-0.690888,-2.23042
7.538,-0.693116,-2.22394
7.539,-0.695336,-2.21744
7.54,-0.697551,-2.21093
7.541,-0.699758,-2.2044
7.542,-0.701959,-2.19785
7.543,-0.704154,-2.19129
7.544,-0.706342,-2.18471
7.545,-0.708523,-2.17812
7.546,-0.710698,-2.17151
7.547,-0.712866,-2.16488
7.548,-0.715028,-2.15824
7.549,-0.717183,-2.15159
7.55,-0.719331,-2.14492
7.551,-0.721473,-2.13823
7.552,-0.723607,-2.13153
7.553,-0.725736,-2.12482
7.554,-0.727857,-2.11808
7.555,-0.729972,-2.11134
7.556,-0.73208,-2.10458
7.557,-0.734181,-2.0978
7.558,-0.736275,-2.09101
7.559,-0.738363,-2.08421
7.56,-0.740444,-2.07739
7.561,-0.742518,-2.07056
7.562,-0.744585,-2.06371
7.563,-0.746645,-2.05685
7.564,-0.748699,-2.04997
7.565,-0.750745,-2.04309
7.566,-0.752785,-2.03618
7.567,-0.754818,-2.02926
7.568,-0.756843,-2.02233
7.569,-0.758862,-2.01539
7.57,-0.760874,-2.00843
7.571,-0.762879,-2.00146
7.572,-0.764877,-1.99447
7.573,-0.766868,-1.98747
7.574,-0.768852,-1.98046
7.575,-0.770829,-1.97343
7.576,-0.772799,-1.9664
7.577,-0.774762,-1.95934
7.578,-0.776717,-1.95228
7.579,-0.778666,-1.9452
7.58,-0.780608,-1.93811
7.581,-0.782542,-1.93101
7.582,-0.78447,-1.92389
7.583,-0.78639,-1.91676
7.584,-0.788303,-1.90962
7.585,-0.790209,-1.90247
7.586,-0.792108,-1.8953
7.587,-0.794,-1.88812
7.588,-0.795885,-1.88093
7.589,-0.797762,-1.87373
7.59,-0.799632,-1.86651
7.591,-0.801495,-1.85928
7.592,-0.803351,-1.85204
7.593,-0.805199,-1.84479
7.594,-0.80704,-1.83753
7.595,-0.808874,-1.83025
7.596,-0.810701,-1.82297
7.597,-0.81252,-1.81567
7.598,-0.814332,-1.80836
7.599,-0.816137,-1.80104
7.6,-0.817934,-1.79371
7.601,-0.819724,-1.78636
7.602,-0.821507,-1.77901
7.603,-0.823282,-1.77164
7.604,-0.82505,-1.76427
7.605,-0.826811,-1.75688
7.606,-0.828564,-1.74948
7.607,-0.83031,-1.74207
7.608,-0.832048,-1.73465
7.609,-0.833779,-1.72722
7.61,-0.835502,-1.71977
7.611,-0.837218,-1.71232
7.612,-0.838927,-1.70486
7.613,-0.840628,-1.69738
7.614,-0.842322,-1.6899
7.615,-0.844008,-1.68241
7.616,-0.845687,-1.6749
7.617,-0.847358,-1.66739
7.618,-0.849021,-1.65986
7.619,-0.850677,-1.65233
7.62,-0.852326,-1.64478
7.621,-0.853967,-1.63723
7.622,-0.8556,-1.62966
7.623,-0.857226,-1.62209
7.624,-0.858845,-1.61451
7.625,-0.860455,-1.60691
7.626,-0.862058,-1.59931
7.627,-0.863654,-1.5917
7.628,-0.865242,-1.58408
7.629,-0.866822,-1.57645
7.63,-0.868395,-1.56881
7.631,-0.86996,-1.56116
7.632,-0.871517,-1.5535
7.633,-0.873067,-1.54583
7.634,-0.874609,-1.53815
7.635,-0.876143,-1.53047
7.636,-0.87767,-1.52277
7.637,-0.879189,-1.51507
7.638,-0.8807,-1.50736
7.639,-0.882203,-1.49964
7.64,-0.883699,-1.49191
7.641,-0.885187,-1.48417
7.642,-0.886667,-1.47643
7.643,-0.88814,-1.46867
7.644,-0.889605,-1.46091
7.645,-0.891062,-1.45314
7.646,-0.892511,-1.44536
7.647,-0.893953,-1.43757
7.648,-0.895386,-1.42978
7.649,-0.896812,-1.42197
7.65,-0.89823,-1.41416
7.651,-0.89964,-1.40634
7.652,-0.901043,-1.39852
7.653,-0.902437,-1.39068
7.654,-0.903824,-1.38284
7.655,-0.905203,-1.37499
7.656,-0.906574,-1.36713
7.657,-0.907937,-1.35927
7.658,-0.909293,-1.3514
7.659,-0.91064,-1.34352
7.66,-0.91198,-1.33563
7.661,-0.913311,-1.32774
7.662,-0.914635,-1.31983
7.663,-0.915951,-1.31193
7.664,-0.917259,-1.30401
7.665,-0.918559,-1.29609
7.666,-0.919851,-1.28816
7.667,-0.921135,-1.28022
7.668,-0.922412,-1.27228
7.669,-0.92368,-1.26433
7.67,-0.92494,-1.25637
7.671,-0.926193,-1.24841
7.672,-0.927437,-1.24044
7.673,-0.928674,-1.23247
7.674,-0.929902,-1.22448
7.675,-0.931123,-1.21649
7.676,-0.932335,-1.2085
7.677,-0.93354,-1.2005
7.678,-0.934736,-1.19249
7.679,-0.935925,-1.18448
7.68,-0.937105,-1.17646
7.681,-0.938277,-1.16843
7.682,-0.939442,-1.1604
7.683,-0.940598,-1.15236
7.684,-0.941747,-1.14432
7.685,-0.942887,-1.13627
7.686,-0.944019,-1.12821
7.687,-0.945143,-1.12015
7.688,-0.946259,-1.11208
7.689,-0.947367,-1.10401
7.69,-0.948467,-1.09593
7.691,-0.949559,-1.08785
7.692,-0.950643,-1.07976
7.693,-0.951719,-1.07167
7.694,-0.952786,-1.06357
7.695,-0.953846,-1.05546
7.696,-0.954897,-1.04735
7.697,-0.955941,-1.03924
7.698,-0.956976,-1.03112
7.699,-0.958003,-1.02299
7.7,-0.959022,-1.01487
7.701,-0.960033,-1.00673
7.702,-0.961035,-0.998591
7.703,-0.96203,-0.990447
7.704,-0.963016,-0.982297
7.705,-0.963994,-0.974144
7.706,-0.964964,-0.965985
7.707,-0.965926,-0.957822
7.708,-0.96688,-0.949655
7.709,-0.967826,-0.941483
7.71,-0.968763,-0.933306
7.711,-0.969692,-0.925126
7.712,-0.970613,-0.916941
7.713,-0.971526,-0.908751
7.714,-0.972431,-0.900558
7.715,-0.973327,-0.89236
7.716,-0.974216,-0.884158
7.717,-0.975096,-0.875952
7.718,-0.975967,-0.867742
7.719,-0.976831,-0.859529
7.72,-0.977687,-0.851311
7.721,-0.978534,-0.843089
7.722,-0.979373,-0.834864
7.723,-0.980203,-0.826635
7.724,-0.981026,-0.818402
7.725,-0.98184,-0.810166
7.726,-0.982646,-0.801926
7.727,-0.983444,-0.793682
7.728,-0.984234,-0.785435
7.729,-0.985015,-0.777184
7.73,-0.985788,-0.768931
7.731,-0.986553,-0.760673
7.732,-0.987309,-0.752413
7.733,-0.988058,-0.744149
7.734,-0.988798,-0.735882
7.735,-0.989529,-0.727612
7.736,-0.990253,-0.719339
7.737,-0.990968,-0.711063
7.738,-0.991675,-0.702783
7.739,-0.992374,-0.694501
7.74,-0.993064,-0.686216
7.741,-0.993746,-0.677928
7.742,-0.99442,-0.669638
7.743,-0.995085,-0.661344
7.744,-0.995743,-0.653048
7.745,-0.996391,-0.644749
7.746,-0.997032,-0.636448
7.747,-0.997664,-0.628144
7.748,-0.998288,-0.619837
7.749,-0.998904,-0.611528
7.75,-0.999511,-0.603217
7.751,-1.00011,-0.594903
7.752,-1.0007,-0.586587
7.753,-1.00128,-0.578269
7.754,-1.00186,-0.569948
7.755,-1.00242,-0.561626
7.756,-1.00298,-0.553301
7.757,-1.00353,-0.544974
7.758,-1.00407,-0.536645
7.759,-1.0046,-0.528314
7.76,-1.00513,-0.519981
7.761,-1.00564,-0.511646
7.762,-1.00615,-0.503309
7.763,-1.00665,-0.494971
7.764,-1.00714,-0.48663
7.765,-1.00762,-0.478288
7.766,-1.0081,-0.469945
7.767,-1.00856,-0.4616
7.768,-1.00902,-0.453253
7.769,-1.00947,-0.444904
7.77,-1.00991,-0.436554
7.771,-1.01034,-0.428203
7.772,-1.01077,-0.41985
7.773,-1.01118,-0.411496
7.774,-1.01159,-0.403141
7.775,-1.01199,-0.394784
7.776,-1.01238,-0.386426
7.777,-1.01276,-0.378067
7.778,-1.01314,-0.369707
7.779,-1.0135,-0.361346
7.78,-1.01386,-0.352984
7.781,-1.01421,-0.34462
7.782,-1.01455,-0.336256
7.783,-1.01488,-0.327891
7.784,-1.0152,-0.319525
7.785,-1.01552,-0.311158
7.786,-1.01583,-0.302791
7.787,-1.01612,-0.294422
7.788,-1.01641,-0.286053
7.789,-1.0167,-0.277684
7.79,-1.01697,-0.269314
7.791,-1.01723,-0.260943
7.792,-1.01749,-0.252571
7.793,-1.01774,-0.2442
7.794,-1.01798,-0.235828
7.795,-1.01821,-0.227455
7.796,-1.01843,-0.219082
7.797,-1.01865,-0.210709
7.798,-1.01886,-0.202335
7.799,-1.01905,-0.193962
7.8,-1.01924,-0.185588
7.801,-1.01943,-0.177214
7.802,-1.0196,-0.16884
7.803,-1.01976,-0.160466
7.804,-1.01992,-0.152092
7.805,-1.02007,-0.143718
7.806,-1.02021,-0.135344
7.807,-1.02034,-0.126971
7.808,-1.02046,-0.118597
7.809,-1.02058,-0.110224
7.81,-1.02068,-0.101851
7.811,-1.02078,-0.0934782
7.812,-1.02087,-0.0851058
7.813,-1.02095,-0.0767339
7.814,-1.02102,-0.0683624
7.815,-1.02109,-0.0599914
7.816,-1.02114,-0.0516209
7.817,-1.02119,-0.043251
7.818,-1.02123,-0.0348817
7.819,-1.02126,-0.0265131
7.82,-1.02128,-0.0181451
7.821,-1.0213,-0.00977795
7.822,-1.0213,-0.00141155
7.823,-1.0213,0.00695402
7.824,-1.02129,0.0153187
7.825,-1.02127,0.0236825
7.826,-1.02124,0.0320453
7.827,-1.0212,0.0404072
7.828,-1.02116,0.0487679
7.829,-1.02111,0.0571276
7.83,-1.02104,0.0654862
7.831,-1.02097,0.0738436
7.832,-1.0209,0.0821998
7.833,-1.02081,0.0905547
7.834,-1.02072,0.0989083
7.835,-1.02061,0.107261
7.836,-1.0205,0.115612
7.837,-1.02038,0.123961
7.838,-1.02025,0.132309
7.839,-1.02012,0.140655
7.84,-1.01997,0.149
7.841,-1.01982,0.157344
7.842,-1.01966,0.165685
7.843,-1.01949,0.174025
7.844,-1.01931,0.182364
7.845,-1.01912,0.1907
7.846,-1.01893,0.199035
7.847,-1.01872,0.207368
7.848,-1.01851,0.215699
7.849,-1.01829,0.224028
7.85,-1.01807,0.232355
7.851,-1.01783,0.24068
7.852,-1.01758,0.249003
7.853,-1.01733,0.257323
7.854,-1.01707,0.265642
7.855,-1.0168,0.273958
7.856,-1.01652,0.282273
7.857,-1.01623,0.290584
7.858,-1.01594,0.298894
7.859,-1.01564,0.307201
7.86,-1.01533,0.315506
7.861,-1.01501,0.323808
7.862,-1.01468,0.332108
7.863,-1.01434,0.340405
7.864,-1.014,0.3487
7.865,-1.01364,0.356992
7.866,-1.01328,0.365281
7.867,-1.01291,0.373568
7.868,-1.01254,0.381852
7.869,-1.01215,0.390133
7.87,-1.01176,0.398411
7.871,-1.01135,0.406686
7.872,-1.01094,0.414958
7.873,-1.01052,0.423228
7.874,-1.0101,0.431494
7.875,-1.00966,0.439757
7.876,-1.00922,0.448017
7.877,-1.00876,0.456274
7.878,-1.0083,0.464528
7.879,-1.00784,0.472779
7.88,-1.00736,0.481026
7.881,-1.00687,0.48927
7.882,-1.00638,0.49751
7.883,-1.00588,0.505747
7.884,-1.00537,0.513981
7.885,-1.00485,0.522211
7.886,-1.00432,0.530437
7.887,-1.00379,0.53866
7.888,-1.00325,0.546879
7.889,-1.0027,0.555094
7.89,-1.00214,0.563306
7.891,-1.00157,0.571514
7.892,-1.00099,0.579718
7.893,-1.00041,0.587918
7.894,-0.999818,0.596114
7.895,-0.999217,0.604307
7.896,-0.998609,0.612495
7.897,-0.997992,0.620679
7.898,-0.997368,0.628859
7.899,-0.996735,0.637035
7.9,-0.996094,0.645207
7.901,-0.995444,0.653374
7.902,-0.994787,0.661537
7.903,-0.994121,0.669696
7.904,-0.993447,0.67785
7.905,-0.992765,0.686
7.906,-0.992075,0.694146
7.907,-0.991377,0.702286
7.908,-0.990671,0.710423
7.909,-0.989956,0.718554
7.91,-0.989234,0.726681
7.911,-0.988503,0.734804
7.912,-0.987764,0.742921
7.913,-0.987017,0.751034
7.914,-0.986262,0.759142
7.915,-0.985499,0.767244
7.916,-0.984728,0.775342
7.917,-0.983948,0.783435
7.918,-0.983161,0.791523
7.919,-0.982365,0.799606
7.92,-0.981561,0.807683
7.921,-0.98075,0.815755
7.922,-0.97993,0.823823
7.923,-0.979102,0.831884
7.924,-0.978266,0.839941
7.925,-0.977422,0.847992
7.926,-0.97657,0.856037
7.927,-0.97571,0.864077
7.928,-0.974842,0.872112
7.929,-0.973966,0.880141
7.93,-0.973082,0.888164
7.931,-0.97219,0.896181
7.932,-0.971289,0.904193
7.933,-0.970381,0.912199
7.934,-0.969465,0.920199
7.935,-0.968541,0.928193
7.936,-0.967609,0.936181
7.937,-0.966668,0.944164
7.938,-0.96572,0.95214
7.939,-0.964764,0.96011
7.94,-0.9638,0.968074
7.941,-0.962828,0.976031
7.942,-0.961848,0.983983
7.943,-0.96086,0.991928
7.944,-0.959864,0.999867
7.945,-0.95886,1.0078
7.946,-0.957849,1.01572
7.947,-0.956829,1.02364
7.948,-0.955801,1.03156
7.949,-0.954766,1.03946
7.95,-0.953722,1.04736
7.951,-0.952671,1.05525
7.952,-0.951612,1.06314
7.953,-0.950545,1.07102
7.954,-0.94947,1.07889
7.955,-0.948387,1.08676
7.956,-0.947296,1.09462
7.957,-0.946198,1.10247
7.958,-0.945091,1.11031
7.959,-0.943977,1.11815
7.96,-0.942855,1.12598
7.961,-0.941725,1.1338
7.962,-0.940587,1.14161
7.963,-0.939442,1.14942
7.964,-0.938289,1.15722
7.965,-0.937128,1.16502
7.966,-0.935959,1.1728
7.967,-0.934782,1.18058
7.968,-0.933597,1.18835
7.969,-0.932405,1.19611
7.97,-0.931205,1.20386
7.971,-0.929998,1.21161
7.972,-0.928782,1.21935
7.973,-0.927559,1.22708
7.974,-0.926328,1.2348
7.975,-0.925089,1.24252
7.976,-0.923843,1.25023
7.977,-0.922589,1.25792
7.978,-0.921327,1.26561
7.979,-0.920058,1.2733
7.98,-0.91878,1.28097
7.981,-0.917496,1.28864
7.982,-0.916203,1.29629
7.983,-0.914903,1.30394
7.984,-0.913595,1.31158
7.985,-0.91228,1.31921
7.986,-0.910957,1.32683
7.987,-0.909626,1.33445
7.988,-0.908288,1.34205
7.989,-0.906942,1.34965
7.99,-0.905589,1.35724
7.991,-0.904228,1.36481
7.992,-0.902859,1.37238
7.993,-0.901483,1.37994
7.994,-0.900099,1.38749
7.995,-0.898708,1.39504
7.996,-0.897309,1.40257
7.997,-0.895903,1.41009
7.998,-0.894489,1.4176
7.999,-0.893068,1.42511
8,-0.891639,1.4326
8.001,-0.890202,1.44009
8.002,-0.888759,1.44756
8.003,-0.887307,1.45503
8.004,-0.885848,1.46249
8.005,-0.884382,1.46993
8.006,-0.882909,1.47737
8.007,-0.881428,1.48479
8.008,-0.879939,1.49221
8.009,-0.878443,1.49962
8.01,-0.87694,1.50701
8.011,-0.875429,1.5144
8.012,-0.873911,1.52178
8.013,-0.872386,1.52914
8.014,-0.870853,1.5365
8.015,-0.869313,1.54384
8.016,-0.867765,1.55117
8.017,-0.86621,1.5585
8.018,-0.864648,1.56581
8.019,-0.863079,1.57311
8.02,-0.861502,1.5804
8.021,-0.859918,1.58769
8.022,-0.858326,1.59495
8.023,-0.856728,1.60221
8.024,-0.855122,1.60946
8.025,-0.853509,1.6167
8.026,-0.851889,1.62392
8.027,-0.850261,1.63114
8.028,-0.848626,1.63834
8.029,-0.846984,1.64553
8.03,-0.845335,1.65271
8.031,-0.843679,1.65988
8.032,-0.842016,1.66704
8.033,-0.840345,1.67418
8.034,-0.838667,1.68132
8.035,-0.836982,1.68844
8.036,-0.83529,1.69555
8.037,-0.833591,1.70265
8.038,-0.831885,1.70974
8.039,-0.830172,1.71681
8.04,-0.828451,1.72387
8.041,-0.826724,1.73092
8.042,-0.82499,1.73796
8.043,-0.823248,1.74499
8.044,-0.8215,1.752
8.045,-0.819744,1.759
8.046,-0.817982,1.76599
8.047,-0.816212,1.77297
8.048,-0.814436,1.77993
8.049,-0.812652,1.78688
8.05,-0.810862,1.79382
8.051,-0.809065,1.80074
8.052,-0.80726,1.80766
8.053,-0.805449,1.81456
8.054,-0.803631,1.82144
8.055,-0.801806,1.82832
8.056,-0.799975,1.83518
8.057,-0.798136,1.84202
8.058,-0.796291,1.84886
8.059,-0.794438,1.85568
8.06,-0.792579,1.86248
8.061,-0.790713,1.86928
8.062,-0.788841,1.87606
8.063,-0.786961,1.88282
8.064,-0.785075,1.88958
8.065,-0.783182,1.89631
8.066,-0.781282,1.90304
8.067,-0.779376,1.90975
8.068,-0.777463,1.91645
8.069,-0.775543,1.92313
8.07,-0.773617,1.9298
8.071,-0.771684,1.93645
8.072,-0.769744,1.94309
8.073,-0.767797,1.94972
8.074,-0.765844,1.95633
8.075,-0.763885,1.96293
8.076,-0.761919,1.96951
8.077,-0.759946,1.97608
8.078,-0.757966,1.98263
8.079,-0.75598,1.98917
8.08,-0.753988,1.99569
8.081,-0.751989,2.0022
8.082,-0.749984,2.00869
8.083,-0.747972,2.01517
8.084,-0.745953,2.02163
8.085,-0.743928,2.02808
8.086,-0.741897,2.03452
8.087,-0.739859,2.04093
8.088,-0.737815,2.04733
8.089,-0.735765,2.05372
8.09,-0.733708,2.06009
8.091,-0.731645,2.06645
8.092,-0.729575,2.07279
8.093,-0.727499,2.07911
8.094,-0.725417,2.08542
8.095,-0.723328,2.09171
8.096,-0.721233,2.09799
8.097,-0.719132,2.10425
8.098,-0.717025,2.11049
8.099,-0.714911,2.11672
8.1,-0.712791,2.12293
8.101,-0.710665,2.12912
8.102,-0.708533,2.1353
8.103,-0.706395,2.14146
8.104,-0.70425,2.14761
8.105,-0.7021,2.15374
8.106,-0.699943,2.15985
8.107,-0.69778,2.16594
8.108,-0.695611,2.17202
8.109,-0.693436,2.17808
8.11,-0.691255,2.18413
8.111,-0.689068,2.19015
8.112,-0.686874,2.19616
8.113,-0.684675,2.20216
8.114,-0.68247,2.20813
8.115,-0.680259,2.21409
8.116,-0.678042,2.22003
8.117,-0.675819,2.22595
8.118,-0.67359,2.23186
8.119,-0.671355,2.23774
8.12,-0.669115,2.24361
8.121,-0.666868,2.24946
8.122,-0.664616,2.2553
8.123,-0.662357,2.26111
8.124,-0.660093,2.26691
8.125,-0.657824,2.27269
8.126,-0.655548,2.27845
8.127,-0.653267,2.2842
8.128,-0.65098,2.28992
8.129,-0.648687,2.29563
8.13,-0.646388,2.30132
8.131,-0.644084,2.30698
8.132,-0.641774,2.31264
8.133,-0.639459,2.31827
8.134,-0.637138,2.32388
8.135,-0.634811,2.32947
8.136,-0.632479,2.33505
8.137,-0.630141,2.34061
8.138,-0.627798,2.34614
8.139,-0.625449,2.35166
8.14,-0.623094,2.35716
8.141,-0.620735,2.36264
8.142,-0.618369,2.3681
8.143,-0.615998,2.37354
8.144,-0.613622,2.37896
8.145,-0.61124,2.38436
8.146,-0.608853,2.38974
8.147,-0.606461,2.3951
8.148,-0.604063,2.40045
8.149,-0.60166,2.40577
8.15,-0.599252,2.41107
8.151,-0.596838,2.41635
8.152,-0.594419,2.42161
8.153,-0.591995,2.42685
8.154,-0.589565,2.43208
8.155,-0.587131,2.43728
8.156,-0.584691,2.44246
8.157,-0.582246,2.44762
8.158,-0.579796,2.45276
8.159,-0.57734,2.45788
8.16,-0.57488,2.46297
8.161,-0.572414,2.46805
8.162,-0.569944,2.47311
8.163,-0.567468,2.47814
8.164,-0.564987,2.48316
8.165,-0.562502,2.48815
8.166,-0.560011,2.49312
8.167,-0.557516,2.49807
8.168,-0.555015,2.503
8.169,-0.55251,2.50791
8.17,-0.549999,2.5128
8.171,-0.547484,2.51767
8.172,-0.544964,2.52251
8.173,-0.542439,2.52733
8.174,-0.539909,2.53213
8.175,-0.537375,2.53691
8.176,-0.534835,2.54167
8.177,-0.532291,2.5464
8.178,-0.529743,2.55112
8.179,-0.527189,2.55581
8.18,-0.524631,2.56048
8.181,-0.522068,2.56512
8.182,-0.519501,2.56975
8.183,-0.516929,2.57435
8.184,-0.514352,2.57893
8.185,-0.511771,2.58349
8.186,-0.509185,2.58802
8.187,-0.506595,2.59253
8.188,-0.504,2.59702
8.189,-0.501401,2.60149
8.19,-0.498797,2.60593
8.191,-0.496189,2.61035
8.192,-0.493576,2.61475
8.193,-0.490959,2.61912
8.194,-0.488338,2.62348
8.195,-0.485712,2.6278
8.196,-0.483083,2.63211
8.197,-0.480448,2.63639
8.198,-0.47781,2.64065
8.199,-0.475167,2.64489
8.2,-0.47252,2.6491
8.201,-0.469869,2.65329
8.202,-0.467213,2.65745
8.203,-0.464554,2.66159
8.204,-0.46189,2.66571
8.205,-0.459222,2.6698
8.206,-0.456551,2.67387
8.207,-0.453875,2.67792
8.208,-0.451195,2.68194
8.209,-0.448511,2.68593
8.21,-0.445823,2.68991
8.211,-0.443131,2.69386
8.212,-0.440435,2.69778
8.213,-0.437736,2.70168
8.214,-0.435032,2.70556
8.215,-0.432324,2.70941
8.216,-0.429613,2.71324
8.217,-0.426898,2.71704
8.218,-0.424179,2.72082
8.219,-0.421456,2.72457
8.22,-0.41873,2.7283
8.221,-0.416,2.732
8.222,-0.413266,2.73568
8.223,-0.410528,2.73933
8.224,-0.407787,2.74296
8.225,-0.405042,2.74657
8.226,-0.402294,2.75014
8.227,-0.399542,2.7537
8.228,-0.396787,2.75723
8.229,-0.394028,2.76073
8.23,-0.391265,2.76421
8.231,-0.388499,2.76766
8.232,-0.38573,2.77108
8.233,-0.382957,2.77449
8.234,-0.380181,2.77786
8.235,-0.377401,2.78121
8.236,-0.374619,2.78453
8.237,-0.371832,2.78783
8.238,-0.369043,2.79111
8.239,-0.36625,2.79435
8.24,-0.363454,2.79757
8.241,-0.360655,2.80077
8.242,-0.357853,2.80394
8.243,-0.355047,2.80708
8.244,-0.352239,2.8102
8.245,-0.349427,2.81329
8.246,-0.346612,2.81635
8.247,-0.343794,2.81939
8.248,-0.340973,2.8224
8.249,-0.338149,2.82538
8.25,-0.335322,2.82834
8.251,-0.332493,2.83128
8.252,-0.32966,2.83418
8.253,-0.326824,2.83706
8.254,-0.323986,2.83991
8.255,-0.321145,2.84274
8.256,-0.3183,2.84554
8.257,-0.315453,2.84831
8.258,-0.312604,2.85105
8.259,-0.309751,2.85377
8.26,-0.306896,2.85646
8.261,-0.304038,2.85913
8.262,-0.301178,2.86177
8.263,-0.298315,2.86438
8.264,-0.295449,2.86696
8.265,-0.292581,2.86952
8.266,-0.28971,2.87204
8.267,-0.286837,2.87455
8.268,-0.283961,2.87702
8.269,-0.281083,2.87947
8.27,-0.278202,2.88189
8.271,-0.275319,2.88428
8.272,-0.272434,2.88664
8.273,-0.269546,2.88898
8.274,-0.266656,2.89129
8.275,-0.263763,2.89357
8.276,-0.260869,2.89583
8.277,-0.257972,2.89805
8.278,-0.255072,2.90025
8.279,-0.252171,2.90242
8.28,-0.249268,2.90457
8.281,-0.246362,2.90668
8.282,-0.243454,2.90877
8.283,-0.240544,2.91083
8.284,-0.237633,2.91286
8.285,-0.234719,2.91487
8.286,-0.231803,2.91684
8.287,-0.228885,2.91879
8.288,-0.225965,2.92071
8.289,-0.223044,2.9226
8.29,-0.22012,2.92447
8.291,-0.217195,2.9263
8.292,-0.214268,2.92811
8.293,-0.211339,2.92989
8.294,-0.208408,2.93164
8.295,-0.205475,2.93336
8.296,-0.202541,2.93506
8.297,-0.199605,2.93672
8.298,-0.196668,2.93836
8.299,-0.193728,2.93997
8.3,-0.190788,2.94155
8.301,-0.187845,2.9431
8.302,-0.184901,2.94462
8.303,-0.181956,2.94612
8.304,-0.179009,2.94758
8.305,-0.176061,2.94902
8.306,-0.173111,2.95043
8.307,-0.17016,2.95181
8.308,-0.167208,2.95316
8.309,-0.164254,2.95449
8.31,-0.161299,2.95578
8.311,-0.158342,2.95705
8.312,-0.155385,2.95828
8.313,-0.152426,2.95949
8.314,-0.149466,2.96067
8.315,-0.146504,2.96182
8.316,-0.143542,2.96294
8.317,-0.140578,2.96403
8.318,-0.137614,2.9651
8.319,-0.134648,2.96613
8.32,-0.131682,2.96714
8.321,-0.128714,2.96811
8.322,-0.125745,2.96906
8.323,-0.122776,2.96998
8.324,-0.119806,2.97087
8.325,-0.116834,2.97173
8.326,-0.113862,2.97256
8.327,-0.110889,2.97337
8.328,-0.107915,2.97414
8.329,-0.104941,2.97489
8.33,-0.101966,2.9756
8.331,-0.0989896,2.97629
8.332,-0.096013,2.97694
8.333,-0.0930357,2.97757
8.334,-0.0900579,2.97817
8.335,-0.0870794,2.97874
8.336,-0.0841004,2.97928
8.337,-0.0811208,2.97979
8.338,-0.0781408,2.98028
8.339,-0.0751603,2.98073
8.34,-0.0721794,2.98115
8.341,-0.069198,2.98155
8.342,-0.0662163,2.98191
8.343,-0.0632342,2.98225
8.344,-0.0602518,2.98256
8.345,-0.0572691,2.98283
8.346,-0.0542861,2.98308
8.347,-0.0513029,2.9833
8.348,-0.0483195,2.98349
8.349,-0.045336,2.98365
8.35,-0.0423522,2.98379
8.351,-0.0393684,2.98389
8.352,-0.0363845,2.98396
8.353,-0.0334005,2.984
8.354,-0.0304165,2.98402
8.355,-0.0274325,2.984
8.356,-0.0244485,2.98396
8.357,-0.0214645,2.98389
8.358,-0.0184807,2.98378
8.359,-0.015497,2.98365
8.36,-0.0125134,2.98349
8.361,-0.00953001,2.9833
8.362,-0.00654681,2.98308
8.363,-0.00356385,2.98283
8.364,-0.000581155,2.98256
8.365,0.00240125,2.98225
8.366,0.00538333,2.98191
8.367,0.00836506,2.98155
8.368,0.0113464,2.98115
8.369,0.0143274,2.98073
8.37,0.0173079,2.98027
8.371,0.0202879,2.97979
8.372,0.0232674,2.97928
8.373,0.0262464,2.97874
8.374,0.0292249,2.97817
8.375,0.0322028,2.97757
8.376,0.03518,2.97694
8.377,0.0381567,2.97629
8.378,0.0411326,2.9756
8.379,0.0441078,2.97488
8.38,0.0470824,2.97414
8.381,0.0500561,2.97337
8.382,0.0530291,2.97256
8.383,0.0560012,2.97173
8.384,0.0589725,2.97087
8.385,0.061943,2.96998
8.386,0.0649125,2.96906
8.387,0.0678811,2.96811
8.388,0.0708487,2.96714
8.389,0.0738153,2.96613
8.39,0.076781,2.9651
8.391,0.0797455,2.96403
8.392,0.082709,2.96294
8.393,0.0856714,2.96182
8.394,0.0886326,2.96067
8.395,0.0915927,2.95949
8.396,0.0945516,2.95828
8.397,0.0975093,2.95705
8.398,0.100466,2.95578
8.399,0.103421,2.95449
8.4,0.106375,2.95317
8.401,0.109327,2.95181
8.402,0.112278,2.95043
8.403,0.115228,2.94903
8.404,0.118176,2.94759
8.405,0.121123,2.94612
8.406,0.124069,2.94463
8.407,0.127012,2.94311
8.408,0.129955,2.94156
8.409,0.132896,2.93998
8.41,0.135835,2.93837
8.411,0.138772,2.93673
8.412,0.141708,2.93507
8.413,0.144642,2.93337
8.414,0.147575,2.93165
8.415,0.150506,2.9299
8.416,0.153435,2.92812
8.417,0.156362,2.92632
8.418,0.159287,2.92448
8.419,0.162211,2.92262
8.42,0.165133,2.92073
8.421,0.168052,2.91881
8.422,0.17097,2.91686
8.423,0.173886,2.91489
8.424,0.1768,2.91289
8.425,0.179712,2.91086
8.426,0.182622,2.9088
8.427,0.185529,2.90671
8.428,0.188435,2.9046
8.429,0.191339,2.90246
8.43,0.19424,2.90029
8.431,0.197139,2.89809
8.432,0.200036,2.89586
8.433,0.202931,2.89361
8.434,0.205823,2.89133
8.435,0.208714,2.88902
8.436,0.211601,2.88669
8.437,0.214487,2.88432
8.438,0.21737,2.88193
8.439,0.220251,2.87952
8.44,0.223129,2.87707
8.441,0.226005,2.8746
8.442,0.228878,2.8721
8.443,0.231749,2.86957
8.444,0.234617,2.86702
8.445,0.237483,2.86444
8.446,0.240346,2.86183
8.447,0.243207,2.8592
8.448,0.246065,2.85654
8.449,0.24892,2.85385
8.45,0.251772,2.85113
8.451,0.254622,2.84839
8.452,0.257469,2.84562
8.453,0.260313,2.84282
8.454,0.263155,2.84
8.455,0.265993,2.83715
8.456,0.268829,2.83428
8.457,0.271662,2.83137
8.458,0.274492,2.82845
8.459,0.277319,2.82549
8.46,0.280143,2.82251
8.461,0.282964,2.8195
8.462,0.285782,2.81647
8.463,0.288597,2.81341
8.464,0.291409,2.81032
8.465,0.294217,2.80721
8.466,0.297023,2.80407
8.467,0.299825,2.8009
8.468,0.302625,2.79771
8.469,0.305421,2.7945
8.47,0.308214,2.79126
8.471,0.311003,2.78799
8.472,0.31379,2.78469
8.473,0.316573,2.78137
8.474,0.319352,2.77803
8.475,0.322129,2.77466
8.476,0.324902,2.77126
8.477,0.327671,2.76784
8.478,0.330437,2.7644
8.479,0.3332,2.76092
8.48,0.335959,2.75743
8.481,0.338715,2.7539
8.482,0.341467,2.75036
8.483,0.344216,2.74678
8.484,0.346961,2.74319
8.485,0.349702,2.73956
8.486,0.35244,2.73592
8.487,0.355174,2.73224
8.488,0.357904,2.72855
8.489,0.360631,2.72482
8.49,0.363354,2.72108
8.491,0.366073,2.71731
8.492,0.368788,2.71351
8.493,0.3715,2.70969
8.494,0.374208,2.70585
8.495,0.376912,2.70198
8.496,0.379612,2.69809
8.497,0.382308,2.69417
8.498,0.385,2.69023
8.499,0.387688,2.68626
8.5,0.390373,2.68227
8.501,0.393053,2.67826
8.502,0.395729,2.67422
8.503,0.398401,2.67016
8.504,0.401069,2.66608
8.505,0.403733,2.66197
8.506,0.406393,2.65784
8.507,0.409049,2.65368
8.508,0.411701,2.6495
8.509,0.414348,2.6453
8.51,0.416991,2.64107
8.511,0.41963,2.63683
8.512,0.422265,2.63255
8.513,0.424895,2.62826
8.514,0.427521,2.62394
8.515,0.430143,2.6196
8.516,0.432761,2.61524
8.517,0.435374,2.61085
8.518,0.437982,2.60644
8.519,0.440587,2.60201
8.52,0.443186,2.59755
8.521,0.445782,2.59307
8.522,0.448372,2.58857
8.523,0.450959,2.58405
8.524,0.453541,2.5795
8.525,0.456118,2.57494
8.526,0.45869,2.57035
8.527,0.461258,2.56574
8.528,0.463822,2.5611
8.529,0.466381,2.55645
8.53,0.468935,2.55177
8.531,0.471484,2.54707
8.532,0.474029,2.54235
8.533,0.476569,2.5376
8.534,0.479104,2.53284
8.535,0.481635,2.52805
8.536,0.48416,2.52325
8.537,0.486681,2.51842
8.538,0.489197,2.51357
8.539,0.491708,2.50869
8.54,0.494214,2.5038
8.541,0.496716,2.49889
8.542,0.499212,2.49395
8.543,0.501704,2.489
8.544,0.50419,2.48402
8.545,0.506672,2.47902
8.546,0.509148,2.474
8.547,0.51162,2.46896
8.548,0.514086,2.4639
8.549,0.516548,2.45882
8.55,0.519004,2.45372
8.551,0.521455,2.4486
8.552,0.523901,2.44346
8.553,0.526342,2.43829
8.554,0.528778,2.43311
8.555,0.531208,2.42791
8.556,0.533633,2.42269
8.557,0.536053,2.41745
8.558,0.538468,2.41218
8.559,0.540878,2.4069
8.56,0.543282,2.4016
8.561,0.545681,2.39628
8.562,0.548075,2.39094
8.563,0.550463,2.38558
8.564,0.552846,2.3802
8.565,0.555223,2.3748
8.566,0.557595,2.36938
8.567,0.559962,2.36394
8.568,0.562323,2.35849
8.569,0.564679,2.35301
8.57,0.567029,2.34752
8.571,0.569374,2.342
8.572,0.571713,2.33647
8.573,0.574047,2.33092
8.574,0.576375,2.32535
8.575,0.578698,2.31976
8.576,0.581015,2.31416
8.577,0.583326,2.30853
8.578,0.585632,2.30289
8.579,0.587932,2.29723
8.58,0.590226,2.29155
8.581,0.592515,2.28585
8.582,0.594798,2.28013
8.583,0.597075,2.2744
8.584,0.599347,2.26865
8.585,0.601612,2.26288
8.586,0.603872,2.25709
8.587,0.606127,2.25128
8.588,0.608375,2.24546
8.589,0.610617,2.23962
8.59,0.612854,2.23376
8.591,0.615085,2.22789
8.592,0.61731,2.222
8.593,0.619529,2.21609
8.594,0.621742,2.21016
8.595,0.623949,2.20422
8.596,0.626151,2.19826
8.597,0.628346,2.19228
8.598,0.630535,2.18629
8.599,0.632718,2.18028
8.6,0.634896,2.17425
8.601,0.637067,2.16821
8.602,0.639232,2.16214
8.603,0.641391,2.15607
8.604,0.643544,2.14997
8.605,0.645691,2.14387
8.606,0.647832,2.13774
8.607,0.649967,2.1316
8.608,0.652095,2.12544
8.609,0.654217,2.11927
8.61,0.656334,2.11308
8.611,0.658444,2.10687
8.612,0.660547,2.10065
8.613,0.662645,2.09441
8.614,0.664736,2.08816
8.615,0.666821,2.08189
8.616,0.6689,2.07561
8.617,0.670972,2.06931
8.618,0.673039,2.063
8.619,0.675098,2.05667
8.62,0.677152,2.05032
8.621,0.679199,2.04396
8.622,0.68124,2.03759
8.623,0.683274,2.0312
8.624,0.685302,2.0248
8.625,0.687324,2.01838
8.626,0.689339,2.01195
8.627,0.691348,2.0055
8.628,0.69335,1.99904
8.629,0.695346,1.99256
8.63,0.697335,1.98607
8.631,0.699318,1.97956
8.632,0.701294,1.97304
8.633,0.703264,1.96651
8.634,0.705227,1.95996
8.635,0.707184,1.9534
8.636,0.709134,1.94682
8.637,0.711078,1.94023
8.638,0.713014,1.93363
8.639,0.714945,1.92701
8.64,0.716868,1.92038
8.641,0.718786,1.91374
8.642,0.720696,1.90708
8.643,0.7226,1.90041
8.644,0.724497,1.89372
8.645,0.726387,1.88703
8.646,0.728271,1.88032
8.647,0.730148,1.87359
8.648,0.732018,1.86686
8.649,0.733881,1.86011
8.65,0.735738,1.85334
8.651,0.737588,1.84657
8.652,0.739431,1.83978
8.653,0.741268,1.83298
8.654,0.743097,1.82616
8.655,0.74492,1.81934
8.656,0.746736,1.8125
8.657,0.748545,1.80565
8.658,0.750347,1.79879
8.659,0.752143,1.79191
8.66,0.753931,1.78502
8.661,0.755713,1.77812
8.662,0.757487,1.77121
8.663,0.759255,1.76429
8.664,0.761016,1.75735
8.665,0.76277,1.75041
8.666,0.764517,1.74345
8.667,0.766257,1.73648
8.668,0.76799,1.72949
8.669,0.769716,1.7225
8.67,0.771435,1.7155
8.671,0.773147,1.70848
8.672,0.774852,1.70145
8.673,0.776549,1.69441
8.674,0.77824,1.68736
8.675,0.779924,1.6803
8.676,0.781601,1.67323
8.677,0.783271,1.66615
8.678,0.784933,1.65905
8.679,0.786589,1.65195
8.68,0.788237,1.64483
8.681,0.789878,1.63771
8.682,0.791513,1.63057
8.683,0.79314,1.62342
8.684,0.794759,1.61626
8.685,0.796372,1.6091
8.686,0.797978,1.60192
8.687,0.799576,1.59473
8.688,0.801167,1.58753
8.689,0.802751,1.58032
8.69,0.804328,1.5731
8.691,0.805897,1.56587
8.692,0.807459,1.55863
8.693,0.809014,1.55138
8.694,0.810562,1.54413
8.695,0.812103,1.53686
8.696,0.813636,1.52958
8.697,0.815162,1.52229
8.698,0.81668,1.51499
8.699,0.818192,1.50769
8.7,0.819696,1.50037
8.701,0.821193,1.49305
8.702,0.822682,1.48571
8.703,0.824164,1.47837
8.704,0.825639,1.47102
8.705,0.827106,1.46365
8.706,0.828566,1.45628
8.707,0.830019,1.4489
8.708,0.831464,1.44152
8.709,0.832902,1.43412
8.71,0.834332,1.42671
8.711,0.835755,1.4193
8.712,0.837171,1.41187
8.713,0.838579,1.40444
8.714,0.83998,1.397
8.715,0.841373,1.38955
8.716,0.842759,1.3821
8.717,0.844137,1.37463
8.718,0.845508,1.36716
8.719,0.846871,1.35968
8.72,0.848227,1.35219
8.721,0.849576,1.34469
8.722,0.850917,1.33718
8.723,0.85225,1.32967
8.724,0.853576,1.32215
8.725,0.854894,1.31462
8.726,0.856205,1.30708
8.727,0.857508,1.29954
8.728,0.858804,1.29198
8.729,0.860092,1.28442
8.73,0.861373,1.27686
8.731,0.862646,1.26928
8.732,0.863912,1.2617
8.733,0.86517,1.25411
8.734,0.86642,1.24652
8.735,0.867663,1.23891
8.736,0.868898,1.2313
8.737,0.870125,1.22368
8.738,0.871345,1.21606
8.739,0.872557,1.20843
8.74,0.873762,1.20079
8.741,0.874959,1.19314
8.742,0.876148,1.18549
8.743,0.87733,1.17783
8.744,0.878504,1.17017
8.745,0.87967,1.1625
8.746,0.880829,1.15482
8.747,0.88198,1.14713
8.748,0.883123,1.13944
8.749,0.884259,1.13174
8.75,0.885387,1.12404
8.751,0.886507,1.11633
8.752,0.887619,1.10861
8.753,0.888724,1.10089
8.754,0.889821,1.09316
8.755,0.89091,1.08543
8.756,0.891992,1.07769
8.757,0.893066,1.06994
8.758,0.894132,1.06219
8.759,0.89519,1.05443
8.76,0.896241,1.04667
8.761,0.897283,1.0389
8.762,0.898318,1.03113
8.763,0.899346,1.02335
8.764,0.900365,1.01556
8.765,0.901377,1.00777
8.766,0.902381,0.999974
8.767,0.903377,0.992172
8.768,0.904365,0.984365
8.769,0.905345,0.976553
8.77,0.906318,0.968736
8.771,0.907283,0.960914
8.772,0.90824,0.953087
8.773,0.909189,0.945254
8.774,0.91013,0.937417
8.775,0.911064,0.929575
8.776,0.91199,0.921729
8.777,0.912907,0.913877
8.778,0.913817,0.906021
8.779,0.914719,0.89816
8.78,0.915614,0.890294
8.781,0.9165,0.882424
8.782,0.917379,0.87455
8.783,0.918249,0.866671
8.784,0.919112,0.858788
8.785,0.919967,0.8509
8.786,0.920814,0.843008
8.787,0.921653,0.835112
8.788,0.922484,0.827212
8.789,0.923307,0.819308
8.79,0.924122,0.811399
8.791,0.92493,0.803487
8.792,0.925729,0.79557
8.793,0.926521,0.78765
8.794,0.927305,0.779726
8.795,0.928081,0.771798
8.796,0.928848,0.763866
8.797,0.929608,0.755931
8.798,0.93036,0.747992
8.799,0.931104,0.740049
8.8,0.93184,0.732103
8.801,0.932568,0.724154
8.802,0.933289,0.716201
8.803,0.934001,0.708244
8.804,0.934705,0.700284
8.805,0.935401,0.692321
8.806,0.93609,0.684355
8.807,0.93677,0.676386
8.808,0.937443,0.668413
8.809,0.938107,0.660437
8.81,0.938763,0.652459
8.811,0.939412,0.644477
8.812,0.940052,0.636492
8.813,0.940685,0.628505
8.814,0.941309,0.620514
8.815,0.941926,0.612521
8.816,0.942534,0.604525
8.817,0.943135,0.596527
8.818,0.943727,0.588526
8.819,0.944312,0.580522
8.82,0.944888,0.572515
8.821,0.945457,0.564507
8.822,0.946017,0.556495
8.823,0.94657,0.548482
8.824,0.947114,0.540466
8.825,0.947651,0.532447
8.826,0.948179,0.524427
8.827,0.9487,0.516404
8.828,0.949212,0.508379
8.829,0.949717,0.500352
8.83,0.950213,0.492323
8.831,0.950701,0.484292
8.832,0.951181,0.476259
8.833,0.951654,0.468224
8.834,0.952118,0.460187
8.835,0.952574,0.452149
8.836,0.953022,0.444108
8.837,0.953462,0.436066
8.838,0.953894,0.428023
8.839,0.954318,0.419977
8.84,0.954734,0.41193
8.841,0.955142,0.403882
8.842,0.955542,0.395832
8.843,0.955934,0.38778
8.844,0.956318,0.379728
8.845,0.956693,0.371674
8.846,0.957061,0.363618
8.847,0.957421,0.355561
8.848,0.957772,0.347504
8.849,0.958116,0.339445
8.85,0.958451,0.331384
8.851,0.958778,0.323323
8.852,0.959098,0.315261
8.853,0.959409,0.307198
8.854,0.959712,0.299134
8.855,0.960007,0.291069
8.856,0.960294,0.283003
8.857,0.960573,0.274936
8.858,0.960844,0.266869
8.859,0.961107,0.258801
8.86,0.961362,0.250732
8.861,0.961608,0.242663
8.862,0.961847,0.234593
8.863,0.962077,0.226523
8.864,0.9623,0.218452
8.865,0.962514,0.210381
8.866,0.962721,0.202309
8.867,0.962919,0.194237
8.868,0.963109,0.186165
8.869,0.963291,0.178092
8.87,0.963465,0.17002
8.871,0.963631,0.161947
8.872,0.963789,0.153874
8.873,0.963939,0.145801
8.874,0.964081,0.137728
8.875,0.964215,0.129655
8.876,0.96434,0.121582
8.877,0.964458,0.11351
8.878,0.964567,0.105437
8.879,0.964669,0.0973649
8.88,0.964762,0.0892929
8.881,0.964847,0.0812211
8.882,0.964924,0.0731498
8.883,0.964994,0.0650788
8.884,0.965055,0.0570082
8.885,0.965108,0.0489382
8.886,0.965152,0.0408687
8.887,0.965189,0.0327997
8.888,0.965218,0.0247314
8.889,0.965239,0.0166638
8.89,0.965251,0.00859682
8.891,0.965256,0.000530642
8.892,0.965252,-0.00753473
8.893,0.965241,-0.0155993
8.894,0.965221,-0.0236629
8.895,0.965194,-0.0317256
8.896,0.965158,-0.0397873
8.897,0.965114,-0.047848
8.898,0.965062,-0.0559076
8.899,0.965002,-0.0639661
8.9,0.964934,-0.0720234
8.901,0.964858,-0.0800795
8.902,0.964774,-0.0881344
8.903,0.964682,-0.0961879
8.904,0.964582,-0.10424
8.905,0.964473,-0.112291
8.906,0.964357,-0.12034
8.907,0.964233,-0.128388
8.908,0.9641,-0.136435
8.909,0.96396,-0.14448
8.91,0.963811,-0.152523
8.911,0.963655,-0.160564
8.912,0.96349,-0.168604
8.913,0.963318,-0.176642
8.914,0.963137,-0.184679
8.915,0.962948,-0.192713
8.916,0.962751,-0.200746
8.917,0.962547,-0.208776
8.918,0.962334,-0.216805
8.919,0.962113,-0.224832
8.92,0.961884,-0.232856
8.921,0.961647,-0.240879
8.922,0.961402,-0.248899
8.923,0.96115,-0.256917
8.924,0.960889,-0.264933
8.925,0.96062,-0.272947
8.926,0.960343,-0.280958
8.927,0.960058,-0.288967
8.928,0.959765,-0.296974
8.929,0.959464,-0.304978
8.93,0.959155,-0.312979
8.931,0.958838,-0.320978
8.932,0.958513,-0.328974
8.933,0.95818,-0.336968
8.934,0.957839,-0.344959
8.935,0.95749,-0.352947
8.936,0.957133,-0.360933
8.937,0.956768,-0.368915
8.938,0.956395,-0.376895
8.939,0.956014,-0.384872
8.94,0.955626,-0.392845
8.941,0.955229,-0.400816
8.942,0.954824,-0.408784
8.943,0.954411,-0.416749
8.944,0.95399,-0.42471
8.945,0.953562,-0.432668
8.946,0.953125,-0.440623
8.947,0.95268,-0.448575
8.948,0.952228,-0.456523
8.949,0.951767,-0.464468
8.95,0.951299,-0.47241
8.951,0.950823,-0.480348
8.952,0.950338,-0.488282
8.953,0.949846,-0.496213
8.954,0.949346,-0.50414
8.955,0.948838,-0.512064
8.956,0.948322,-0.519984
8.957,0.947798,-0.5279
8.958,0.947266,-0.535812
8.959,0.946726,-0.543721
8.96,0.946178,-0.551625
8.961,0.945623,-0.559526
8.962,0.945059,-0.567423
8.963,0.944488,-0.575315
8.964,0.943909,-0.583204
8.965,0.943322,-0.591088
8.966,0.942727,-0.598968
8.967,0.942124,-0.606844
8.968,0.941513,-0.614715
8.969,0.940894,-0.622583
8.97,0.940268,-0.630445
8.971,0.939633,-0.638304
8.972,0.938991,-0.646158
8.973,0.938341,-0.654007
8.974,0.937683,-0.661852
8.975,0.937017,-0.669692
8.976,0.936344,-0.677528
8.977,0.935662,-0.685359
8.978,0.934973,-0.693185
8.979,0.934276,-0.701006
8.98,0.933571,-0.708822
8.981,0.932858,-0.716634
8.982,0.932138,-0.72444
8.983,0.931409,-0.732242
8.984,0.930673,-0.740038
8.985,0.929929,-0.747829
8.986,0.929178,-0.755615
8.987,0.928418,-0.763396
8.988,0.927651,-0.771172
8.989,0.926876,-0.778942
8.99,0.926093,-0.786707
8.991,0.925302,-0.794467
8.992,0.924504,-0.802221
8.993,0.923698,-0.809969
8.994,0.922884,-0.817712
8.995,0.922063,-0.82545
8.996,0.921233,-0.833181
8.997,0.920396,-0.840907
8.998,0.919551,-0.848628
8.999,0.918699,-0.856342
9,0.917839,-0.864051
9.001,0.916971,-0.871753
9.002,0.916095,-0.87945
9.003,0.915212,-0.88714
9.004,0.914321,-0.894825
9.005,0.913422,-0.902503
9.006,0.912516,-0.910176
9.007,0.911602,-0.917842
9.008,0.91068,-0.925501
9.009,0.909751,-0.933155
9.01,0.908814,-0.940802
9.011,0.907869,-0.948442
9.012,0.906917,-0.956076
9.013,0.905957,-0.963704
9.014,0.90499,-0.971325
9.015,0.904015,-0.978939
9.016,0.903032,-0.986547
9.017,0.902041,-0.994148
9.018,0.901043,-1.00174
9.019,0.900038,-1.00933
9.02,0.899025,-1.01691
9.021,0.898004,-1.02448
9.022,0.896976,-1.03205
9.023,0.89594,-1.03961
9.024,0.894897,-1.04716
9.025,0.893846,-1.0547
9.026,0.892787,-1.06224
9.027,0.891721,-1.06977
9.028,0.890648,-1.0773
9.029,0.889567,-1.08481
9.03,0.888478,-1.09232
9.031,0.887382,-1.09982
9.032,0.886278,-1.10731
9.033,0.885167,-1.1148
9.034,0.884049,-1.12228
9.035,0.882923,-1.12975
9.036,0.881789,-1.13721
9.037,0.880648,-1.14466
9.038,0.8795,-1.15211
9.039,0.878344,-1.15955
9.04,0.877181,-1.16698
9.041,0.87601,-1.1744
9.042,0.874832,-1.18182
9.043,0.873647,-1.18922
9.044,0.872454,-1.19662
9.045,0.871253,-1.20401
9.046,0.870046,-1.21139
9.047,0.868831,-1.21877
9.048,0.867608,-1.22613
9.049,0.866378,-1.23349
9.05,0.865141,-1.24083
9.051,0.863897,-1.24817
9.052,0.862645,-1.2555
9.053,0.861386,-1.26282
9.054,0.860119,-1.27014
9.055,0.858845,-1.27744
9.056,0.857564,-1.28473
9.057,0.856276,-1.29202
9.058,0.85498,-1.2993
9.059,0.853677,-1.30657
9.06,0.852367,-1.31382
9.061,0.85105,-1.32107
9.062,0.849725,-1.32831
9.063,0.848393,-1.33554
9.064,0.847054,-1.34277
9.065,0.845708,-1.34998
9.066,0.844354,-1.35718
9.067,0.842993,-1.36437
9.068,0.841625,-1.37156
9.069,0.84025,-1.37873
9.07,0.838868,-1.38589
9.071,0.837478,-1.39305
9.072,0.836082,-1.40019
9.073,0.834678,-1.40733
9.074,0.833267,-1.41445
9.075,0.831849,-1.42156
9.076,0.830424,-1.42867
9.077,0.828992,-1.43576
9.078,0.827552,-1.44285
9.079,0.826106,-1.44992
9.08,0.824653,-1.45698
9.081,0.823192,-1.46404
9.082,0.821724,-1.47108
9.083,0.82025,-1.47811
9.084,0.818768,-1.48513
9.085,0.81728,-1.49214
9.086,0.815784,-1.49914
9.087,0.814281,-1.50613
9.088,0.812772,-1.51311
9.089,0.811255,-1.52007
9.09,0.809732,-1.52703
9.091,0.808201,-1.53398
9.092,0.806664,-1.54091
9.093,0.805119,-1.54783
9.094,0.803568,-1.55475
9.095,0.80201,-1.56165
9.096,0.800445,-1.56853
9.097,0.798873,-1.57541
9.098,0.797294,-1.58228
9.099,0.795708,-1.58913
9.1,0.794116,-1.59598
9.101,0.792516,-1.60281
9.102,0.79091,-1.60963
9.103,0.789297,-1.61644
9.104,0.787677,-1.62323
9.105,0.78605,-1.63002
9.106,0.784417,-1.63679
9.107,0.782777,-1.64355
9.108,0.78113,-1.6503
9.109,0.779476,-1.65703
9.11,0.777816,-1.66376
9.111,0.776149,-1.67047
9.112,0.774475,-1.67717
9.113,0.772795,-1.68385
9.114,0.771107,-1.69053
9.115,0.769413,-1.69719
9.116,0.767713,-1.70384
9.117,0.766006,-1.71047
9.118,0.764292,-1.7171
9.119,0.762572,-1.72371
9.12,0.760845,-1.73031
9.121,0.759111,-1.73689
9.122,0.757371,-1.74346
9.123,0.755624,-1.75002
9.124,0.753871,-1.75657
9.125,0.752111,-1.7631
9.126,0.750345,-1.76962
9.127,0.748572,-1.77612
9.128,0.746792,-1.78262
9.129,0.745006,-1.78909
9.13,0.743214,-1.79556
9.131,0.741415,-1.80201
9.132,0.73961,-1.80845
9.133,0.737798,-1.81487
9.134,0.73598,-1.82128
9.135,0.734156,-1.82768
9.136,0.732325,-1.83406
9.137,0.730488,-1.84043
9.138,0.728644,-1.84679
9.139,0.726794,-1.85313
9.14,0.724938,-1.85945
9.141,0.723075,-1.86576
9.142,0.721206,-1.87206
9.143,0.719331,-1.87835
9.144,0.71745,-1.88461
9.145,0.715562,-1.89087
9.146,0.713668,-1.89711
9.147,0.711768,-1.90333
9.148,0.709861,-1.90954
9.149,0.707949,-1.91574
9.15,0.70603,-1.92192
9.151,0.704105,-1.92808
9.152,0.702174,-1.93423
9.153,0.700236,-1.94037
9.154,0.698293,-1.94649
9.155,0.696343,-1.95259
9.156,0.694388,-1.95868
9.157,0.692426,-1.96476
9.158,0.690458,-1.97081
9.159,0.688484,-1.97686
9.16,0.686505,-1.98288
9.161,0.684519,-1.9889
9.162,0.682527,-1.99489
9.163,0.680529,-2.00087
9.164,0.678525,-2.00684
9.165,0.676515,-2.01279
9.166,0.674499,-2.01872
9.167,0.672478,-2.02463
9.168,0.67045,-2.03054
9.169,0.668417,-2.03642
9.17,0.666377,-2.04229
9.171,0.664332,-2.04814
9.172,0.662281,-2.05397
9.173,0.660224,-2.05979
9.174,0.658162,-2.06559
9.175,0.656093,-2.07138
9.176,0.654019,-2.07715
9.177,0.651939,-2.0829
9.178,0.649853,-2.08864
9.179,0.647761,-2.09435
9.18,0.645664,-2.10006
9.181,0.643561,-2.10574
9.182,0.641453,-2.11141
9.183,0.639339,-2.11706
9.184,0.637219,-2.12269
9.185,0.635093,-2.12831
9.186,0.632962,-2.13391
9.187,0.630825,-2.13949
9.188,0.628683,-2.14505
9.189,0.626535,-2.1506
9.19,0.624382,-2.15612
9.191,0.622223,-2.16163
9.192,0.620059,-2.16713
9.193,0.617889,-2.1726
9.194,0.615713,-2.17806
9.195,0.613533,-2.1835
9.196,0.611346,-2.18892
9.197,0.609155,-2.19432
9.198,0.606958,-2.1997
9.199,0.604755,-2.20507
9.2,0.602548,-2.21042
9.201,0.600335,-2.21575
9.202,0.598116,-2.22106
9.203,0.595893,-2.22635
9.204,0.593664,-2.23163
9.205,0.591429,-2.23688
9.206,0.58919,-2.24212
9.207,0.586945,-2.24734
9.208,0.584695,-2.25253
9.209,0.58244,-2.25771
9.21,0.58018,-2.26287
9.211,0.577914,-2.26802
9.212,0.575644,-2.27314
9.213,0.573368,-2.27824
9.214,0.571087,-2.28333
9.215,0.568801,-2.28839
9.216,0.56651,-2.29344
9.217,0.564214,-2.29846
9.218,0.561913,-2.30347
9.219,0.559608,-2.30846
9.22,0.557297,-2.31342
9.221,0.554981,-2.31837
9.222,0.55266,-2.3233
9.223,0.550334,-2.3282
9.224,0.548003,-2.33309
9.225,0.545668,-2.33796
9.226,0.543328,-2.34281
9.227,0.540982,-2.34763
9.228,0.538632,-2.35244
9.229,0.536277,-2.35723
9.23,0.533918,-2.36199
9.231,0.531553,-2.36674
9.232,0.529184,-2.37147
9.233,0.526811,-2.37617
9.234,0.524432,-2.38086
9.235,0.522049,-2.38552
9.236,0.519661,-2.39016
9.237,0.517269,-2.39478
9.238,0.514871,-2.39938
9.239,0.51247,-2.40397
9.24,0.510063,-2.40852
9.241,0.507653,-2.41306
9.242,0.505237,-2.41758
9.243,0.502818,-2.42208
9.244,0.500393,-2.42655
9.245,0.497964,-2.431
9.246,0.495531,-2.43544
9.247,0.493094,-2.43985
9.248,0.490652,-2.44423
9.249,0.488205,-2.4486
9.25,0.485754,-2.45295
9.251,0.483299,-2.45727
9.252,0.48084,-2.46157
9.253,0.478376,-2.46585
9.254,0.475908,-2.47011
9.255,0.473436,-2.47435
9.256,0.470959,-2.47856
9.257,0.468479,-2.48275
9.258,0.465994,-2.48692
9.259,0.463505,-2.49107
9.26,0.461012,-2.4952
9.261,0.458515,-2.4993
9.262,0.456013,-2.50338
9.263,0.453508,-2.50744
9.264,0.450998,-2.51148
9.265,0.448485,-2.51549
9.266,0.445967,-2.51948
9.267,0.443446,-2.52345
9.268,0.44092,-2.52739
9.269,0.438391,-2.53132
9.27,0.435858,-2.53522
9.271,0.433321,-2.53909
9.272,0.43078,-2.54295
9.273,0.428235,-2.54678
9.274,0.425686,-2.55059
9.275,0.423134,-2.55437
9.276,0.420577,-2.55813
9.277,0.418017,-2.56187
9.278,0.415454,-2.56558
9.279,0.412886,-2.56927
9.28,0.410315,-2.57294
9.281,0.40774,-2.57659
9.282,0.405162,-2.58021
9.283,0.40258,-2.5838
9.284,0.399994,-2.58738
9.285,0.397405,-2.59093
9.286,0.394812,-2.59445
9.287,0.392216,-2.59795
9.288,0.389617,-2.60143
9.289,0.387013,-2.60489
9.29,0.384407,-2.60832
9.291,0.381797,-2.61172
9.292,0.379183,-2.6151
9.293,0.376567,-2.61846
9.294,0.373946,-2.62179
9.295,0.371323,-2.6251
9.296,0.368696,-2.62839
9.297,0.366066,-2.63165
9.298,0.363433,-2.63489
9.299,0.360796,-2.6381
9.3,0.358157,-2.64128
9.301,0.355514,-2.64445
9.302,0.352868,-2.64758
9.303,0.350219,-2.6507
9.304,0.347567,-2.65379
9.305,0.344911,-2.65685
9.306,0.342253,-2.65989
9.307,0.339591,-2.6629
9.308,0.336927,-2.66589
9.309,0.33426,-2.66886
9.31,0.331589,-2.67179
9.311,0.328916,-2.67471
9.312,0.32624,-2.6776
9.313,0.323561,-2.68046
9.314,0.320879,-2.6833
9.315,0.318194,-2.68611
9.316,0.315507,-2.6889
9.317,0.312817,-2.69166
9.318,0.310123,-2.6944
9.319,0.307428,-2.69711
9.32,0.304729,-2.6998
9.321,0.302028,-2.70246
9.322,0.299324,-2.70509
9.323,0.296618,-2.7077
9.324,0.293909,-2.71029
9.325,0.291197,-2.71284
9.326,0.288483,-2.71538
9.327,0.285767,-2.71788
9.328,0.283048,-2.72036
9.329,0.280326,-2.72282
9.33,0.277602,-2.72525
9.331,0.274875,-2.72765
9.332,0.272147,-2.73003
9.333,0.269415,-2.73238
9.334,0.266682,-2.7347
9.335,0.263946,-2.737
9.336,0.261208,-2.73927
9.337,0.258467,-2.74152
9.338,0.255725,-2.74374
9.339,0.25298,-2.74593
9.34,0.250233,-2.7481
9.341,0.247484,-2.75024
9.342,0.244733,-2.75236
9.343,0.241979,-2.75445
9.344,0.239224,-2.75651
9.345,0.236466,-2.75854
9.346,0.233707,-2.76055
9.347,0.230945,-2.76254
9.348,0.228181,-2.76449
9.349,0.225416,-2.76642
9.35,0.222649,-2.76832
9.351,0.219879,-2.7702
9.352,0.217108,-2.77205
9.353,0.214335,-2.77387
9.354,0.211561,-2.77567
9.355,0.208784,-2.77744
9.356,0.206006,-2.77918
9.357,0.203226,-2.78089
9.358,0.200444,-2.78258
9.359,0.19766,-2.78424
9.36,0.194875,-2.78588
9.361,0.192089,-2.78749
9.362,0.1893,-2.78907
9.363,0.186511,-2.79062
9.364,0.183719,-2.79215
9.365,0.180926,-2.79365
9.366,0.178132,-2.79512
9.367,0.175336,-2.79656
9.368,0.172539,-2.79798
9.369,0.16974,-2.79937
9.37,0.16694,-2.80074
9.371,0.164139,-2.80207
9.372,0.161336,-2.80338
9.373,0.158532,-2.80466
9.374,0.155727,-2.80592
9.375,0.15292,-2.80714
9.376,0.150112,-2.80834
9.377,0.147303,-2.80952
9.378,0.144493,-2.81066
9.379,0.141682,-2.81178
9.38,0.13887,-2.81287
9.381,0.136056,-2.81393
9.382,0.133242,-2.81497
9.383,0.130426,-2.81598
9.384,0.12761,-2.81696
9.385,0.124793,-2.81791
9.386,0.121974,-2.81884
9.387,0.119155,-2.81973
9.388,0.116335,-2.8206
9.389,0.113514,-2.82145
9.39,0.110692,-2.82226
9.391,0.107869,-2.82305
9.392,0.105046,-2.82381
9.393,0.102222,-2.82454
9.394,0.0993967,-2.82525
9.395,0.0965711,-2.82592
9.396,0.0937448,-2.82657
9.397,0.0909179,-2.8272
9.398,0.0880904,-2.82779
9.399,0.0852624,-2.82836
9.4,0.0824337,-2.82889
9.401,0.0796046,-2.82941
9.402,0.0767749,-2.82989
9.403,0.0739448,-2.83034
9.404,0.0711143,-2.83077
9.405,0.0682833,-2.83117
9.406,0.0654519,-2.83154
9.407,0.0626202,-2.83189
9.408,0.0597881,-2.83221
9.409,0.0569558,-2.8325
9.41,0.0541232,-2.83276
9.411,0.0512903,-2.83299
9.412,0.0484572,-2.8332
9.413,0.0456239,-2.83337
9.414,0.0427905,-2.83352
9.415,0.0399569,-2.83365
9.416,0.0371232,-2.83374
9.417,0.0342894,-2.83381
9.418,0.0314556,-2.83385
9.419,0.0286217,-2.83386
9.42,0.0257879,-2.83384
9.421,0.022954,-2.8338
9.422,0.0201203,-2.83373
9.423,0.0172866,-2.83363
9.424,0.014453,-2.8335
9.425,0.0116196,-2.83334
9.426,0.00878635,-2.83316
9.427,0.0059533,-2.83295
9.428,0.00312047,-2.83271
9.429,0.000287888,-2.83244
9.43,-0.00254441,-2.83215
9.431,-0.0053764,-2.83183
9.432,-0.00820805,-2.83148
9.433,-0.0110393,-2.8311
9.434,-0.0138702,-2.83069
9.435,-0.0167007,-2.83026
9.436,-0.0195308,-2.8298
9.437,-0.0223603,-2.82931
9.438,-0.0251894,-2.8288
9.439,-0.0280179,-2.82825
9.44,-0.0308459,-2.82768
9.441,-0.0336732,-2.82708
9.442,-0.0365,-2.82645
9.443,-0.0393261,-2.8258
9.444,-0.0421516,-2.82512
9.445,-0.0449764,-2.82441
9.446,-0.0478004,-2.82367
9.447,-0.0506237,-2.82291
9.448,-0.0534462,-2.82211
9.449,-0.0562679,-2.82129
9.45,-0.0590888,-2.82045
9.451,-0.0619088,-2.81957
9.452,-0.0647279,-2.81867
9.453,-0.0675461,-2.81774
9.454,-0.0703634,-2.81678
9.455,-0.0731797,-2.8158
9.456,-0.075995,-2.81478
9.457,-0.0788092,-2.81374
9.458,-0.0816224,-2.81268
9.459,-0.0844346,-2.81158
9.46,-0.0872456,-2.81046
9.461,-0.0900555,-2.80931
9.462,-0.0928642,-2.80813
9.463,-0.0956717,-2.80693
9.464,-0.0984781,-2.8057
9.465,-0.101283,-2.80444
9.466,-0.104087,-2.80315
9.467,-0.106889,-2.80184
9.468,-0.109691,-2.8005
9.469,-0.11249,-2.79913
9.47,-0.115289,-2.79774
9.471,-0.118086,-2.79631
9.472,-0.120881,-2.79487
9.473,-0.123676,-2.79339
9.474,-0.126468,-2.79189
9.475,-0.129259,-2.79036
9.476,-0.132049,-2.7888
9.477,-0.134837,-2.78722
9.478,-0.137623,-2.7856
9.479,-0.140408,-2.78397
9.48,-0.143191,-2.7823
9.481,-0.145973,-2.78061
9.482,-0.148752,-2.77889
9.483,-0.151531,-2.77715
9.484,-0.154307,-2.77537
9.485,-0.157081,-2.77358
9.486,-0.159854,-2.77175
9.487,-0.162625,-2.7699
9.488,-0.165394,-2.76802
9.489,-0.168161,-2.76611
9.49,-0.170926,-2.76418
9.491,-0.173689,-2.76222
9.492,-0.17645,-2.76024
9.493,-0.17921,-2.75823
9.494,-0.181967,-2.75619
9.495,-0.184722,-2.75413
9.496,-0.187475,-2.75204
9.497,-0.190226,-2.74992
9.498,-0.192975,-2.74778
9.499,-0.195722,-2.74561
9.5,-0.198466,-2.74341
9.501,-0.201208,-2.74119
9.502,-0.203948,-2.73894
9.503,-0.206686,-2.73667
9.504,-0.209422,-2.73437
9.505,-0.212155,-2.73204
9.506,-0.214886,-2.72969
9.507,-0.217614,-2.72731
9.508,-0.22034,-2.72491
9.509,-0.223064,-2.72248
9.51,-0.225785,-2.72002
9.511,-0.228504,-2.71754
9.512,-0.231221,-2.71504
9.513,-0.233934,-2.7125
9.514,-0.236646,-2.70995
9.515,-0.239354,-2.70736
9.516,-0.24206,-2.70475
9.517,-0.244764,-2.70212
9.518,-0.247464,-2.69946
9.519,-0.250163,-2.69677
9.52,-0.252858,-2.69406
9.521,-0.255551,-2.69133
9.522,-0.258241,-2.68856
9.523,-0.260928,-2.68578
9.524,-0.263612,-2.68297
9.525,-0.266294,-2.68013
9.526,-0.268972,-2.67727
9.527,-0.271648,-2.67438
9.528,-0.274321,-2.67147
9.529,-0.276991,-2.66853
9.53,-0.279658,-2.66557
9.531,-0.282322,-2.66258
9.532,-0.284983,-2.65957
9.533,-0.287641,-2.65653
9.534,-0.290296,-2.65347
9.535,-0.292948,-2.65039
9.536,-0.295597,-2.64728
9.537,-0.298243,-2.64414
9.538,-0.300886,-2.64098
9.539,-0.303525,-2.6378
9.54,-0.306161,-2.63459
9.541,-0.308794,-2.63136
9.542,-0.311424,-2.6281
9.543,-0.31405,-2.62482
9.544,-0.316673,-2.62152
9.545,-0.319293,-2.61819
9.546,-0.32191,-2.61483
9.547,-0.324523,-2.61146
9.548,-0.327133,-2.60806
9.549,-0.329739,-2.60463
9.55,-0.332342,-2.60118
9.551,-0.334941,-2.59771
9.552,-0.337537,-2.59421
9.553,-0.34013,-2.59069
9.554,-0.342719,-2.58715
9.555,-0.345304,-2.58358
9.556,-0.347886,-2.57999
9.557,-0.350464,-2.57638
9.558,-0.353039,-2.57274
9.559,-0.35561,-2.56908
9.56,-0.358177,-2.5654
9.561,-0.36074,-2.56169
9.562,-0.3633,-2.55796
9.563,-0.365856,-2.5542
9.564,-0.368409,-2.55043
9.565,-0.370957,-2.54663
9.566,-0.373502,-2.54281
9.567,-0.376043,-2.53896
9.568,-0.37858,-2.53509
9.569,-0.381113,-2.5312
9.57,-0.383642,-2.52729
9.571,-0.386167,-2.52335
9.572,-0.388689,-2.5194
9.573,-0.391206,-2.51541
9.574,-0.39372,-2.51141
9.575,-0.396229,-2.50739
9.576,-0.398734,-2.50334
9.577,-0.401236,-2.49927
9.578,-0.403733,-2.49517
9.579,-0.406226,-2.49106
9.58,-0.408715,-2.48692
9.581,-0.4112,-2.48277
9.582,-0.413681,-2.47859
9.583,-0.416157,-2.47438
9.584,-0.418629,-2.47016
9.585,-0.421097,-2.46591
9.586,-0.423561,-2.46165
9.587,-0.426021,-2.45736
9.588,-0.428476,-2.45305
9.589,-0.430927,-2.44871
9.59,-0.433373,-2.44436
9.591,-0.435815,-2.43999
9.592,-0.438253,-2.43559
9.593,-0.440687,-2.43117
9.594,-0.443116,-2.42674
9.595,-0.44554,-2.42228
9.596,-0.44796,-2.4178
9.597,-0.450376,-2.41329
9.598,-0.452787,-2.40877
9.599,-0.455193,-2.40423
9.6,-0.457595,-2.39967
9.601,-0.459993,-2.39508
9.602,-0.462385,-2.39048
9.603,-0.464774,-2.38585
9.604,-0.467157,-2.38121
9.605,-0.469536,-2.37654
9.606,-0.47191,-2.37185
9.607,-0.47428,-2.36715
9.608,-0.476644,-2.36242
9.609,-0.479004,-2.35767
9.61,-0.48136,-2.3529
9.611,-0.48371,-2.34812
9.612,-0.486056,-2.34331
9.613,-0.488397,-2.33848
9.614,-0.490733,-2.33364
9.615,-0.493064,-2.32877
9.616,-0.49539,-2.32388
9.617,-0.497712,-2.31898
9.618,-0.500028,-2.31405
9.619,-0.50234,-2.30911
9.62,-0.504647,-2.30415
9.621,-0.506948,-2.29916
9.622,-0.509245,-2.29416
9.623,-0.511537,-2.28914
9.624,-0.513823,-2.2841
9.625,-0.516105,-2.27904
9.626,-0.518381,-2.27396
9.627,-0.520653,-2.26886
9.628,-0.522919,-2.26375
9.629,-0.52518,-2.25861
9.63,-0.527436,-2.25346
9.631,-0.529687,-2.24829
9.632,-0.531933,-2.24309
9.633,-0.534173,-2.23789
9.634,-0.536409,-2.23266
9.635,-0.538639,-2.22741
9.636,-0.540863,-2.22215
9.637,-0.543083,-2.21687
9.638,-0.545297,-2.21157
9.639,-0.547506,-2.20625
9.64,-0.54971,-2.20091
9.641,-0.551908,-2.19556
9.642,-0.554101,-2.19018
9.643,-0.556288,-2.18479
9.644,-0.55847,-2.17939
9.645,-0.560647,-2.17396
9.646,-0.562818,-2.16852
9.647,-0.564984,-2.16306
9.648,-0.567144,-2.15758
9.649,-0.569299,-2.15209
9.65,-0.571448,-2.14658
9.651,-0.573592,-2.14105
9.652,-0.575731,-2.1355
9.653,-0.577863,-2.12994
9.654,-0.57999,-2.12436
9.655,-0.582112,-2.11876
9.656,-0.584228,-2.11315
9.657,-0.586338,-2.10752
9.658,-0.588443,-2.10187
9.659,-0.590542,-2.09621
9.66,-0.592635,-2.09053
9.661,-0.594723,-2.08483
9.662,-0.596805,-2.07912
9.663,-0.598881,-2.07339
9.664,-0.600952,-2.06764
9.665,-0.603017,-2.06188
9.666,-0.605076,-2.0561
9.667,-0.607129,-2.05031
9.668,-0.609176,-2.0445
9.669,-0.611218,-2.03867
9.67,-0.613254,-2.03283
9.671,-0.615283,-2.02698
9.672,-0.617307,-2.0211
9.673,-0.619326,-2.01521
9.674,-0.621338,-2.00931
9.675,-0.623344,-2.00339
9.676,-0.625345,-1.99746
9.677,-0.627339,-1.99151
9.678,-0.629328,-1.98554
9.679,-0.63131,-1.97956
9.68,-0.633287,-1.97357
9.681,-0.635257,-1.96756
9.682,-0.637222,-1.96153
9.683,-0.63918,-1.95549
9.684,-0.641133,-1.94943
9.685,-0.643079,-1.94337
9.686,-0.64502,-1.93728
9.687,-0.646954,-1.93118
9.688,-0.648882,-1.92507
9.689,-0.650804,-1.91894
9.69,-0.65272,-1.9128
9.691,-0.65463,-1.90664
9.692,-0.656533,-1.90047
9.693,-0.65843,-1.89429
9.694,-0.660322,-1.88809
9.695,-0.662207,-1.88187
9.696,-0.664085,-1.87565
9.697,-0.665958,-1.86941
9.698,-0.667824,-1.86315
9.699,-0.669684,-1.85688
9.7,-0.671538,-1.8506
9.701,-0.673385,-1.84431
9.702,-0.675227,-1.838
9.703,-0.677061,-1.83167
9.704,-0.67889,-1.82534
9.705,-0.680712,-1.81899
9.706,-0.682528,-1.81263
9.707,-0.684337,-1.80625
9.708,-0.68614,-1.79986
9.709,-0.687937,-1.79346
9.71,-0.689727,-1.78705
9.711,-0.691511,-1.78062
9.712,-0.693289,-1.77418
9.713,-0.69506,-1.76773
9.714,-0.696824,-1.76126
9.715,-0.698582,-1.75478
9.716,-0.700334,-1.74829
9.717,-0.702079,-1.74179
9.718,-0.703817,-1.73527
9.719,-0.705549,-1.72874
9.72,-0.707275,-1.7222
9.721,-0.708994,-1.71565
9.722,-0.710706,-1.70909
9.723,-0.712412,-1.70251
9.724,-0.714111,-1.69592
9.725,-0.715804,-1.68932
9.726,-0.71749,-1.68271
9.727,-0.719169,-1.67608
9.728,-0.720842,-1.66945
9.729,-0.722508,-1.6628
9.73,-0.724167,-1.65614
9.731,-0.72582,-1.64947
9.732,-0.727466,-1.64279
9.733,-0.729106,-1.6361
9.734,-0.730738,-1.62939
9.735,-0.732365,-1.62267
9.736,-0.733984,-1.61595
9.737,-0.735596,-1.60921
9.738,-0.737202,-1.60246
9.739,-0.738801,-1.5957
9.74,-0.740394,-1.58893
9.741,-0.741979,-1.58215
9.742,-0.743558,-1.57535
9.743,-0.74513,-1.56855
9.744,-0.746695,-1.56174
9.745,-0.748253,-1.55491
9.746,-0.749805,-1.54808
9.747,-0.75135,-1.54123
9.748,-0.752887,-1.53438
9.749,-0.754418,-1.52751
9.75,-0.755942,-1.52063
9.751,-0.75746,-1.51375
9.752,-0.75897,-1.50685
9.753,-0.760473,-1.49994
9.754,-0.76197,-1.49303
9.755,-0.763459,-1.4861
9.756,-0.764942,-1.47916
9.757,-0.766418,-1.47222
9.758,-0.767886,-1.46526
9.759,-0.769348,-1.4583
9.76,-0.770803,-1.45132
9.761,-0.772251,-1.44434
9.762,-0.773692,-1.43734
9.763,-0.775125,-1.43034
9.764,-0.776552,-1.42333
9.765,-0.777972,-1.4163
9.766,-0.779385,-1.40927
9.767,-0.780791,-1.40223
9.768,-0.782189,-1.39518
9.769,-0.783581,-1.38813
9.77,-0.784966,-1.38106
9.771,-0.786343,-1.37398
9.772,-0.787714,-1.3669
9.773,-0.789077,-1.3598
9.774,-0.790433,-1.3527
9.775,-0.791782,-1.34559
9.776,-0.793124,-1.33847
9.777,-0.794459,-1.33134
9.778,-0.795787,-1.3242
9.779,-0.797108,-1.31706
9.78,-0.798421,-1.30991
9.781,-0.799727,-1.30274
9.782,-0.801027,-1.29557
9.783,-0.802319,-1.2884
9.784,-0.803603,-1.28121
9.785,-0.804881,-1.27402
9.786,-0.806151,-1.26682
9.787,-0.807415,-1.25961
9.788,-0.808671,-1.25239
9.789,-0.809919,-1.24516
9.79,-0.811161,-1.23793
9.791,-0.812395,-1.23069
9.792,-0.813622,-1.22344
9.793,-0.814842,-1.21618
9.794,-0.816055,-1.20892
9.795,-0.81726,-1.20165
9.796,-0.818458,-1.19437
9.797,-0.819649,-1.18709
9.798,-0.820832,-1.17979
9.799,-0.822008,-1.1725
9.8,-0.823177,-1.16519
9.801,-0.824339,-1.15787
9.802,-0.825493,-1.15055
9.803,-0.82664,-1.14323
9.804,-0.827779,-1.13589
9.805,-0.828912,-1.12855
9.806,-0.830036,-1.1212
9.807,-0.831154,-1.11385
9.808,-0.832264,-1.10649
9.809,-0.833367,-1.09912
9.81,-0.834462,-1.09174
9.811,-0.83555,-1.08436
9.812,-0.836631,-1.07697
9.813,-0.837704,-1.06958
9.814,-0.83877,-1.06218
9.815,-0.839829,-1.05478
9.816,-0.84088,-1.04736
9.817,-0.841923,-1.03994
9.818,-0.84296,-1.03252
9.819,-0.843989,-1.02509
9.82,-0.84501,-1.01765
9.821,-0.846024,-1.01021
9.822,-0.84703,-1.00276
9.823,-0.848029,-0.995308
9.824,-0.849021,-0.987848
9.825,-0.850005,-0.980383
9.826,-0.850982,-0.972912
9.827,-0.851951,-0.965436
9.828,-0.852913,-0.957954
9.829,-0.853867,-0.950466
9.83,-0.854813,-0.942974
9.831,-0.855753,-0.935476
9.832,-0.856684,-0.927972
9.833,-0.857609,-0.920464
9.834,-0.858525,-0.91295
9.835,-0.859435,-0.905431
9.836,-0.860336,-0.897907
9.837,-0.86123,-0.890378
9.838,-0.862117,-0.882845
9.839,-0.862996,-0.875306
9.84,-0.863868,-0.867762
9.841,-0.864732,-0.860214
9.842,-0.865588,-0.852661
9.843,-0.866437,-0.845103
9.844,-0.867278,-0.837541
9.845,-0.868112,-0.829974
9.846,-0.868938,-0.822403
9.847,-0.869757,-0.814827
9.848,-0.870568,-0.807247
9.849,-0.871371,-0.799662
9.85,-0.872167,-0.792074
9.851,-0.872955,-0.78448
9.852,-0.873736,-0.776883
9.853,-0.874509,-0.769282
9.854,-0.875275,-0.761676
9.855,-0.876033,-0.754067
9.856,-0.876783,-0.746453
9.857,-0.877525,-0.738836
9.858,-0.87826,-0.731215
9.859,-0.878988,-0.72359
9.86,-0.879708,-0.715961
9.861,-0.88042,-0.708328
9.862,-0.881124,-0.700692
9.863,-0.881821,-0.693052
9.864,-0.88251,-0.685409
9.865,-0.883192,-0.677762
9.866,-0.883866,-0.670111
9.867,-0.884532,-0.662458
9.868,-0.885191,-0.654801
9.869,-0.885842,-0.64714
9.87,-0.886485,-0.639477
9.871,-0.887121,-0.63181
9.872,-0.887749,-0.62414
9.873,-0.888369,-0.616467
9.874,-0.888982,-0.60879
9.875,-0.889587,-0.601111
9.876,-0.890184,-0.593429
9.877,-0.890773,-0.585744
9.878,-0.891355,-0.578056
9.879,-0.89193,-0.570366
9.88,-0.892496,-0.562672
9.881,-0.893055,-0.554976
9.882,-0.893606,-0.547278
9.883,-0.894149,-0.539576
9.884,-0.894685,-0.531872
9.885,-0.895213,-0.524166
9.886,-0.895734,-0.516457
9.887,-0.896246,-0.508746
9.888,-0.896751,-0.501033
9.889,-0.897248,-0.493317
9.89,-0.897738,-0.485599
9.891,-0.898219,-0.477878
9.892,-0.898693,-0.470156
9.893,-0.89916,-0.462431
9.894,-0.899618,-0.454705
9.895,-0.900069,-0.446976
9.896,-0.900512,-0.439246
9.897,-0.900948,-0.431513
9.898,-0.901375,-0.423779
9.899,-0.901795,-0.416043
9.9,-0.902207,-0.408305
9.901,-0.902612,-0.400566
9.902,-0.903008,-0.392824
9.903,-0.903397,-0.385081
9.904,-0.903779,-0.377337
9.905,-0.904152,-0.369591
9.906,-0.904518,-0.361844
9.907,-0.904876,-0.354095
9.908,-0.905226,-0.346345
9.909,-0.905568,-0.338593
9.91,-0.905903,-0.330841
9.911,-0.90623,-0.323087
9.912,-0.906549,-0.315331
9.913,-0.906861,-0.307575
9.914,-0.907165,-0.299818
9.915,-0.90746,-0.292059
9.916,-0.907749,-0.2843
9.917,-0.908029,-0.27654
9.918,-0.908302,-0.268778
9.919,-0.908567,-0.261016
9.92,-0.908824,-0.253253
9.921,-0.909073,-0.24549
9.922,-0.909315,-0.237725
9.923,-0.909549,-0.22996
9.924,-0.909775,-0.222195
9.925,-0.909993,-0.214429
9.926,-0.910203,-0.206662
9.927,-0.910406,-0.198895
9.928,-0.910601,-0.191127
9.929,-0.910789,-0.183359
9.93,-0.910968,-0.175591
9.931,-0.91114,-0.167822
9.932,-0.911304,-0.160054
9.933,-0.91146,-0.152285
9.934,-0.911608,-0.144516
9.935,-0.911749,-0.136746
9.936,-0.911882,-0.128977
9.937,-0.912007,-0.121208
9.938,-0.912124,-0.113439
9.939,-0.912234,-0.10567
9.94,-0.912335,-0.0979007
9.941,-0.912429,-0.090132
9.942,-0.912516,-0.0823634
9.943,-0.912594,-0.0745952
9.944,-0.912665,-0.0668273
9.945,-0.912728,-0.0590597
9.946,-0.912783,-0.0512926
9.947,-0.91283,-0.043526
9.948,-0.91287,-0.0357599
9.949,-0.912902,-0.0279943
9.95,-0.912926,-0.0202293
9.951,-0.912942,-0.012465
9.952,-0.912951,-0.00470142
9.953,-0.912952,0.00306143
9.954,-0.912945,0.0108235
9.955,-0.91293,0.0185847
9.956,-0.912908,0.026345
9.957,-0.912877,0.0341044
9.958,-0.91284,0.0418629
9.959,-0.912794,0.0496202
9.96,-0.91274,0.0573766
9.961,-0.912679,0.0651318
9.962,-0.91261,0.0728858
9.963,-0.912533,0.0806386
9.964,-0.912449,0.0883902
9.965,-0.912356,0.0961404
9.966,-0.912256,0.103889
9.967,-0.912149,0.111637
9.968,-0.912033,0.119383
9.969,-0.91191,0.127127
9.97,-0.911779,0.13487
9.971,-0.91164,0.142612
9.972,-0.911494,0.150352
9.973,-0.911339,0.15809
9.974,-0.911178,0.165826
9.975,-0.911008,0.173561
9.976,-0.91083,0.181294
9.977,-0.910645,0.189025
9.978,-0.910452,0.196754
9.979,-0.910252,0.204481
9.98,-0.910043,0.212206
9.981,-0.909827,0.219929
9.982,-0.909604,0.22765
9.983,-0.909372,0.235369
9.984,-0.909133,0.243085
9.985,-0.908886,0.2508
9.986,-0.908631,0.258512
9.987,-0.908369,0.266222
9.988,-0.908099,0.273929
9.989,-0.907821,0.281634
9.99,-0.907535,0.289336
9.991,-0.907242,0.297036
9.992,-0.906941,0.304734
9.993,-0.906633,0.312429
9.994,-0.906317,0.320121
9.995,-0.905993,0.32781
9.996,-0.905661,0.335497
9.997,-0.905322,0.343181
9.998,-0.904975,0.350862
9.999,-0.90462,0.35854
10,-0.904258,0.366215
10.001,-0.903887,0.373887
